{
"type": "FeatureCollection",
"name": "update_dataset_with_disaster_type20260917_outside_US_review",
"crs": { "type": "name", "properties": { "name": "urn:ogc:def:crs:OGC:1.3:CRS84" } },
"features": [
{ "type": "Feature", "properties": { "URLName": "2019_Crowdsourced_Photos_Public_Feature_Layer_View", "ParentObjectId": "989", "AttachmentId": 1977.0, "GlobalId": "686c8cfb-16a4-41b3-bc13-3cb2ce885ef1", "AttachmentName": "PrimaryPhoto.jpeg", "ContentType": "image/jpeg", "Size(bytes)": "200356", "Keywords": null, "ExifInfo": null, "DownloadURL": "https://services.arcgis.com/0ZRg6WRC7mxSLyKX/arcgis/rest/services/2019_Crowdsourced_Photos_Public_Feature_Layer_View/FeatureServer/0/989/attachments/1977", "SaveRelativePath": "images\\2019_Crowdsourced_Photos_Public_Feature_Layer_View\\989_1977_PrimaryPhoto.jpeg", "Status": "success", "ErrorMessage": null, "ParentGlobalId": "8ccc78b6-01b9-4c74-aba6-4f4989559455", "Y": 47.5702337822324, "X": -59.140449233908598, "CreationDate": "2019-09-08T18:26:09.615", "Creator": "htorpey_GC", "EditDate": "2020-04-30T00:49:19.955", "Editor": "napsgCS", "Name": "20190908 08:51 Damaged house on Charles Head in Port-aux-Basques", "Description": "[location approximate] Port Aux Basques Area , NL https://twitter.com/Rolandkettle/status/1170681145530474496?s=20", "Location_Name": "27-99 Charles St, Channel-Port aux Basques, Newfoundland and Labrador, A0M", "Share_Hidden": 0.0, "Share_Vetted": 1.0, "Precise_Location": null, "Photo_Who": null, "Photo_Source": null, "photographer": null, "Title": null, "Photo_When": null, "Date_Time": null, "Community_Impact": null, "Contact": null, "Email": null, "Community_Lifelines": null, "Vetted": null, "Damage_Scale": null, "Incident": null, "Removal_Reason": null, "Removal_Feedback": null, "damage_score": null, "Claimed": null, "does_this_photo_show_damage_of_": null, "photo_categories": null, "how_did_you_geolocate_this_phot": null, "how_did_you_geolocate_this_phot_other": null, "explanation": null, "volunteer_note": null, "field_19": null, "attachment_count": 2.0, "Disaster Type": "Others/Unknown", "Disaster_Type": "Other / Unknown", "longitude": -59.140449233908598, "latitude": 47.5702337822324, "us_region": "<NA>", "coordinate_swap_applied": false }, "geometry": { "type": "Point", "coordinates": [ -59.140449233908598, 47.5702337822324 ] } },
{ "type": "Feature", "properties": { "URLName": "2019_Crowdsourced_Photos_Public_Feature_Layer_View", "ParentObjectId": "994", "AttachmentId": 1987.0, "GlobalId": "dfd4940d-f155-41f9-aaed-e143f9f61aa2", "AttachmentName": "PrimaryPhoto.jpeg", "ContentType": "image/jpeg", "Size(bytes)": "348179", "Keywords": null, "ExifInfo": null, "DownloadURL": "https://services.arcgis.com/0ZRg6WRC7mxSLyKX/arcgis/rest/services/2019_Crowdsourced_Photos_Public_Feature_Layer_View/FeatureServer/0/994/attachments/1987", "SaveRelativePath": "images\\2019_Crowdsourced_Photos_Public_Feature_Layer_View\\994_1987_PrimaryPhoto.jpeg", "Status": "success", "ErrorMessage": null, "ParentGlobalId": "248f8311-e6ca-42ae-b6dd-c6ee957713b8", "Y": 46.490874481301297, "X": -63.381106777911697, "CreationDate": "2019-09-08T20:53:01.815", "Creator": "htorpey_GC", "EditDate": "2020-04-30T00:49:19.955", "Editor": "napsgCS", "Name": "20190908 08:21 Trees down on Route 6 in Cavendish", "Description": "[Location approximate] We are seeing lots of damage while on patrol. Here’s a current look at Route 6 in Cavendish, PE. Cst. Parsons #Dorian2019 https://twitter.com/RCMPPEITraffic/status/1170673569166180353", "Location_Name": "8618 Cavendish Rd, Hunter River, Stanley Bridge, Hope River, Bayview, Prince Edward Island, C0A 1N0", "Share_Hidden": 0.0, "Share_Vetted": 1.0, "Precise_Location": null, "Photo_Who": null, "Photo_Source": null, "photographer": null, "Title": null, "Photo_When": null, "Date_Time": null, "Community_Impact": null, "Contact": null, "Email": null, "Community_Lifelines": null, "Vetted": null, "Damage_Scale": null, "Incident": null, "Removal_Reason": null, "Removal_Feedback": null, "damage_score": null, "Claimed": null, "does_this_photo_show_damage_of_": null, "photo_categories": null, "how_did_you_geolocate_this_phot": null, "how_did_you_geolocate_this_phot_other": null, "explanation": null, "volunteer_note": null, "field_19": null, "attachment_count": 2.0, "Disaster Type": "Tropical Cyclone", "Disaster_Type": "Other / Unknown", "longitude": -63.381106777911697, "latitude": 46.490874481301297, "us_region": "<NA>", "coordinate_swap_applied": false }, "geometry": { "type": "Point", "coordinates": [ -63.381106777911697, 46.490874481301297 ] } },
{ "type": "Feature", "properties": { "URLName": "2019_Crowdsourced_Photos_Public_Feature_Layer_View", "ParentObjectId": "987", "AttachmentId": 1973.0, "GlobalId": "1df6949f-9d13-4efc-b196-0d7560b6627a", "AttachmentName": "PrimaryPhoto.jpeg", "ContentType": "image/jpeg", "Size(bytes)": "252018", "Keywords": null, "ExifInfo": null, "DownloadURL": "https://services.arcgis.com/0ZRg6WRC7mxSLyKX/arcgis/rest/services/2019_Crowdsourced_Photos_Public_Feature_Layer_View/FeatureServer/0/987/attachments/1973", "SaveRelativePath": "images\\2019_Crowdsourced_Photos_Public_Feature_Layer_View\\987_1973_PrimaryPhoto.jpeg", "Status": "success", "ErrorMessage": null, "ParentGlobalId": "cb35aa2b-6a85-4a4f-9537-c7f4fdf3160c", "Y": 46.172547993484599, "X": -60.089794582169603, "CreationDate": "2019-09-08T18:06:40.404", "Creator": "htorpey_GC", "EditDate": "2020-04-30T00:49:19.955", "Editor": "napsgCS", "Name": "20190908 14:48 Tree down on power lines on Grand Lake Road", "Description": "[location approximate] A large tree leans across Grand Lake Road, suspended only by power lines. Police closed the road, which is the main highway between Glace Bay and Sydney. (Tom Ayers/CBC) https://www.cbc.ca/news/canada/nova-scotia/dorian-cleanup-aftermath-nova-scotia-dorian-1.5275182?cmp=rss", "Location_Name": "1317 HWY-4, Sydney, Cape Breton, Nova Scotia, B1M 1A1", "Share_Hidden": 0.0, "Share_Vetted": 1.0, "Precise_Location": null, "Photo_Who": null, "Photo_Source": null, "photographer": null, "Title": null, "Photo_When": null, "Date_Time": null, "Community_Impact": null, "Contact": null, "Email": null, "Community_Lifelines": null, "Vetted": null, "Damage_Scale": null, "Incident": null, "Removal_Reason": null, "Removal_Feedback": null, "damage_score": null, "Claimed": null, "does_this_photo_show_damage_of_": null, "photo_categories": null, "how_did_you_geolocate_this_phot": null, "how_did_you_geolocate_this_phot_other": null, "explanation": null, "volunteer_note": null, "field_19": null, "attachment_count": 2.0, "Disaster Type": "Tropical Cyclone", "Disaster_Type": "Other / Unknown", "longitude": -60.089794582169603, "latitude": 46.172547993484599, "us_region": "<NA>", "coordinate_swap_applied": false }, "geometry": { "type": "Point", "coordinates": [ -60.089794582169603, 46.172547993484599 ] } },
{ "type": "Feature", "properties": { "URLName": "2019_Crowdsourced_Photos_Public_Feature_Layer_View", "ParentObjectId": "992", "AttachmentId": 1983.0, "GlobalId": "dc178c19-a017-4295-a405-fd3e04996dc4", "AttachmentName": "PrimaryPhoto.jpeg", "ContentType": "image/jpeg", "Size(bytes)": "311161", "Keywords": null, "ExifInfo": null, "DownloadURL": "https://services.arcgis.com/0ZRg6WRC7mxSLyKX/arcgis/rest/services/2019_Crowdsourced_Photos_Public_Feature_Layer_View/FeatureServer/0/992/attachments/1983", "SaveRelativePath": "images\\2019_Crowdsourced_Photos_Public_Feature_Layer_View\\992_1983_PrimaryPhoto.jpeg", "Status": "success", "ErrorMessage": null, "ParentGlobalId": "663f7837-f48d-46b0-8c56-2d85d57bb6a7", "Y": 44.992060957906098, "X": -64.132980900914802, "CreationDate": "2019-09-08T18:51:05.681", "Creator": "htorpey_GC", "EditDate": "2020-04-30T00:49:19.955", "Editor": "napsgCS", "Name": "20190908 14:46 Tree down in Victoria Park", "Description": "This tree in Windsor’s Victoria Park was toppled by Hurricane Dorian. What damage, if any, did the Category 2 storm do to your property? #HurricaneDorian https://twitter.com/CMUnderhill/status/1170770506909401088", "Location_Name": "77 Thomas St, Windsor, Nova Scotia, B0N 2T0", "Share_Hidden": 0.0, "Share_Vetted": 1.0, "Precise_Location": null, "Photo_Who": null, "Photo_Source": null, "photographer": null, "Title": null, "Photo_When": null, "Date_Time": null, "Community_Impact": null, "Contact": null, "Email": null, "Community_Lifelines": null, "Vetted": null, "Damage_Scale": null, "Incident": null, "Removal_Reason": null, "Removal_Feedback": null, "damage_score": null, "Claimed": null, "does_this_photo_show_damage_of_": null, "photo_categories": null, "how_did_you_geolocate_this_phot": null, "how_did_you_geolocate_this_phot_other": null, "explanation": null, "volunteer_note": null, "field_19": null, "attachment_count": 2.0, "Disaster Type": "Tropical Cyclone", "Disaster_Type": "Other / Unknown", "longitude": -64.132980900914802, "latitude": 44.992060957906098, "us_region": "<NA>", "coordinate_swap_applied": false }, "geometry": { "type": "Point", "coordinates": [ -64.132980900914802, 44.992060957906098 ] } },
{ "type": "Feature", "properties": { "URLName": "2019_Crowdsourced_Photos_Public_Feature_Layer_View", "ParentObjectId": "998", "AttachmentId": 1995.0, "GlobalId": "72e0ed04-b2cb-4166-b64a-38e288fb26d2", "AttachmentName": "PrimaryPhoto.jpeg", "ContentType": "image/jpeg", "Size(bytes)": "555421", "Keywords": null, "ExifInfo": null, "DownloadURL": "https://services.arcgis.com/0ZRg6WRC7mxSLyKX/arcgis/rest/services/2019_Crowdsourced_Photos_Public_Feature_Layer_View/FeatureServer/0/998/attachments/1995", "SaveRelativePath": "images\\2019_Crowdsourced_Photos_Public_Feature_Layer_View\\998_1995_PrimaryPhoto.jpeg", "Status": "success", "ErrorMessage": null, "ParentGlobalId": "e0e96edd-3de1-402e-9696-d46f495abd40", "Y": 44.690597999999198, "X": -63.874955249998898, "CreationDate": "2019-09-08T21:13:28.082", "Creator": "htorpey_GC", "EditDate": "2020-04-30T00:49:19.955", "Editor": "napsgCS", "Name": "20190908 08:15 erosion under French Village Station Rd", "Description": "French Village Station Road in Upper Tantallon Nova Scotia not passable. Water has washed out the road underneath. Can still get out up and around Subdivision. First damage from Dorian I have come across. Please if you can stay off the streets in Halifax. https://twitter.com/robert_reicker/status/1170671931017895938", "Location_Name": "French Village Station Rd, Upper Tantallon, Halifax, Nova Scotia, B3Z", "Share_Hidden": 0.0, "Share_Vetted": 1.0, "Precise_Location": null, "Photo_Who": null, "Photo_Source": null, "photographer": null, "Title": null, "Photo_When": null, "Date_Time": null, "Community_Impact": null, "Contact": null, "Email": null, "Community_Lifelines": null, "Vetted": null, "Damage_Scale": null, "Incident": null, "Removal_Reason": null, "Removal_Feedback": null, "damage_score": null, "Claimed": null, "does_this_photo_show_damage_of_": null, "photo_categories": null, "how_did_you_geolocate_this_phot": null, "how_did_you_geolocate_this_phot_other": null, "explanation": null, "volunteer_note": null, "field_19": null, "attachment_count": 2.0, "Disaster Type": "Tropical Cyclone", "Disaster_Type": "Other / Unknown", "longitude": -63.874955249998898, "latitude": 44.690597999999198, "us_region": "<NA>", "coordinate_swap_applied": false }, "geometry": { "type": "Point", "coordinates": [ -63.874955249998898, 44.690597999999198 ] } },
{ "type": "Feature", "properties": { "URLName": "2019_Crowdsourced_Photos_Public_Feature_Layer_View", "ParentObjectId": "995", "AttachmentId": 1989.0, "GlobalId": "fdf9c1ac-92d2-4695-bbf0-5dd8a56c4bb9", "AttachmentName": "PrimaryPhoto.jpeg", "ContentType": "image/jpeg", "Size(bytes)": "214720", "Keywords": null, "ExifInfo": null, "DownloadURL": "https://services.arcgis.com/0ZRg6WRC7mxSLyKX/arcgis/rest/services/2019_Crowdsourced_Photos_Public_Feature_Layer_View/FeatureServer/0/995/attachments/1989", "SaveRelativePath": "images\\2019_Crowdsourced_Photos_Public_Feature_Layer_View\\995_1989_PrimaryPhoto.jpeg", "Status": "success", "ErrorMessage": null, "ParentGlobalId": "458aa962-25fa-4c38-b59b-450491cacce0", "Y": 44.665389418546098, "X": -63.554429731172199, "CreationDate": "2019-09-08T21:02:38.535", "Creator": "htorpey_GC", "EditDate": "2020-04-30T00:49:19.955", "Editor": "napsgCS", "Name": "20190907 15:28 Trees and power lines down on Pleasant St", "Description": "#HurricaneDorian damage on Pleasant Street in Dartmouth. Another reminder that if you see a downed wire or pole, it's important to stay back and do not try to move it yourself. Report it to us at 1-877-428-6004 and stay safe. https://twitter.com/nspowerinc/status/1170418461991997440", "Location_Name": "129 HWY-322, Dartmouth, Halifax, Nova Scotia, B2Y 3P8", "Share_Hidden": 0.0, "Share_Vetted": 1.0, "Precise_Location": null, "Photo_Who": null, "Photo_Source": null, "photographer": null, "Title": null, "Photo_When": null, "Date_Time": null, "Community_Impact": null, "Contact": null, "Email": null, "Community_Lifelines": null, "Vetted": null, "Damage_Scale": null, "Incident": null, "Removal_Reason": null, "Removal_Feedback": null, "damage_score": null, "Claimed": null, "does_this_photo_show_damage_of_": null, "photo_categories": null, "how_did_you_geolocate_this_phot": null, "how_did_you_geolocate_this_phot_other": null, "explanation": null, "volunteer_note": null, "field_19": null, "attachment_count": 2.0, "Disaster Type": "Tropical Cyclone", "Disaster_Type": "Other / Unknown", "longitude": -63.554429731172199, "latitude": 44.665389418546098, "us_region": "<NA>", "coordinate_swap_applied": false }, "geometry": { "type": "Point", "coordinates": [ -63.554429731172199, 44.665389418546098 ] } },
{ "type": "Feature", "properties": { "URLName": "2019_Crowdsourced_Photos_Public_Feature_Layer_View", "ParentObjectId": "990", "AttachmentId": 1979.0, "GlobalId": "69e9ee84-1d75-481a-8653-a9f050b07bee", "AttachmentName": "PrimaryPhoto.jpeg", "ContentType": "image/jpeg", "Size(bytes)": "204356", "Keywords": null, "ExifInfo": null, "DownloadURL": "https://services.arcgis.com/0ZRg6WRC7mxSLyKX/arcgis/rest/services/2019_Crowdsourced_Photos_Public_Feature_Layer_View/FeatureServer/0/990/attachments/1979", "SaveRelativePath": "images\\2019_Crowdsourced_Photos_Public_Feature_Layer_View\\990_1979_PrimaryPhoto.jpeg", "Status": "success", "ErrorMessage": null, "ParentGlobalId": "06ab87eb-01a7-408c-8c53-b560562c97a7", "Y": 44.643745322870501, "X": -63.594238330262201, "CreationDate": "2019-09-08T18:38:05.685", "Creator": "htorpey_GC", "EditDate": "2020-04-30T00:49:19.955", "Editor": "napsgCS", "Name": "20190908 11:01 Wind damage in Halifax", "Description": "[exact location unknown] Scenes of major wind damage across Halifax from #HurricaneDorian that tore through yesterday with winds gusting to 100 mph, photos taken by veteran storm chaser Chris Hill! Reports of 400,000 still without power. This happened just as Dorian was undergoing transition to extra-T https://twitter.com/ReedTimmerAccu/status/1170713806248587264", "Location_Name": "Halifax, Nova Scotia", "Share_Hidden": 0.0, "Share_Vetted": 1.0, "Precise_Location": null, "Photo_Who": null, "Photo_Source": null, "photographer": null, "Title": null, "Photo_When": null, "Date_Time": null, "Community_Impact": null, "Contact": null, "Email": null, "Community_Lifelines": null, "Vetted": null, "Damage_Scale": null, "Incident": null, "Removal_Reason": null, "Removal_Feedback": null, "damage_score": null, "Claimed": null, "does_this_photo_show_damage_of_": null, "photo_categories": null, "how_did_you_geolocate_this_phot": null, "how_did_you_geolocate_this_phot_other": null, "explanation": null, "volunteer_note": null, "field_19": null, "attachment_count": 2.0, "Disaster Type": "Tropical Cyclone", "Disaster_Type": "Other / Unknown", "longitude": -63.594238330262201, "latitude": 44.643745322870501, "us_region": "<NA>", "coordinate_swap_applied": false }, "geometry": { "type": "Point", "coordinates": [ -63.594238330262201, 44.643745322870501 ] } },
{ "type": "Feature", "properties": { "URLName": "2019_Crowdsourced_Photos_Public_Feature_Layer_View", "ParentObjectId": "958", "AttachmentId": 1915.0, "GlobalId": "241a0661-b331-44e4-ab17-5dd06f51a6ae", "AttachmentName": "PrimaryPhoto.jpeg", "ContentType": "image/jpeg", "Size(bytes)": "85899", "Keywords": null, "ExifInfo": null, "DownloadURL": "https://services.arcgis.com/0ZRg6WRC7mxSLyKX/arcgis/rest/services/2019_Crowdsourced_Photos_Public_Feature_Layer_View/FeatureServer/0/958/attachments/1915", "SaveRelativePath": "images\\2019_Crowdsourced_Photos_Public_Feature_Layer_View\\958_1915_PrimaryPhoto.jpeg", "Status": "success", "ErrorMessage": null, "ParentGlobalId": "5671df15-c040-456a-9b29-4473f6c0855f", "Y": 44.641687000052599, "X": -63.579201007443501, "CreationDate": "2019-09-08T10:28:17.239", "Creator": "keithnsage", "EditDate": "2020-04-30T00:49:19.955", "Editor": "napsgCS", "Name": "20190907 1316 Atlantic Daylight Time Crane collapse in Halifax", "Description": "The bad weather is causing major damage throughout #NS, including a crane collapse in Halifax.\nCBC Nova Scotia @CBCNS\nhttps://twitter.com/cbcns/status/1170430734831706114?s=21", "Location_Name": "1463 S Park St, Halifax, Nova Scotia, B3J 2L1", "Share_Hidden": 0.0, "Share_Vetted": 1.0, "Precise_Location": null, "Photo_Who": null, "Photo_Source": null, "photographer": null, "Title": null, "Photo_When": null, "Date_Time": null, "Community_Impact": null, "Contact": null, "Email": null, "Community_Lifelines": null, "Vetted": null, "Damage_Scale": null, "Incident": null, "Removal_Reason": null, "Removal_Feedback": null, "damage_score": null, "Claimed": null, "does_this_photo_show_damage_of_": null, "photo_categories": null, "how_did_you_geolocate_this_phot": null, "how_did_you_geolocate_this_phot_other": null, "explanation": null, "volunteer_note": null, "field_19": null, "attachment_count": 2.0, "Disaster Type": "Extreme Weather", "Disaster_Type": "Other / Unknown", "longitude": -63.579201007443501, "latitude": 44.641687000052599, "us_region": "<NA>", "coordinate_swap_applied": false }, "geometry": { "type": "Point", "coordinates": [ -63.579201007443501, 44.641687000052599 ] } },
{ "type": "Feature", "properties": { "URLName": "2019_Crowdsourced_Photos_Public_Feature_Layer_View", "ParentObjectId": "996", "AttachmentId": 1991.0, "GlobalId": "8fbde1b2-82e7-44fd-8651-71660127da2b", "AttachmentName": "PrimaryPhoto.jpeg", "ContentType": "image/jpeg", "Size(bytes)": "139558", "Keywords": null, "ExifInfo": null, "DownloadURL": "https://services.arcgis.com/0ZRg6WRC7mxSLyKX/arcgis/rest/services/2019_Crowdsourced_Photos_Public_Feature_Layer_View/FeatureServer/0/996/attachments/1991", "SaveRelativePath": "images\\2019_Crowdsourced_Photos_Public_Feature_Layer_View\\996_1991_PrimaryPhoto.jpeg", "Status": "success", "ErrorMessage": null, "ParentGlobalId": "31f08b70-96db-4ace-9a8d-3df8f32dd6ed", "Y": 44.6385779999992, "X": -63.573560999998897, "CreationDate": "2019-09-08T21:07:08.343", "Creator": "htorpey_GC", "EditDate": "2020-04-30T00:49:19.955", "Editor": "napsgCS", "Name": "20190907 17:14 Roof blown off apartment building", "Description": "More damage on Tobin Street in the city of Halifax of the Nova Scotia causing roofs blow off from #HurricaneDorian https://twitter.com/JointCyclone/status/1170445348222984192", "Location_Name": "Tobin St & Queen St, Halifax, Nova Scotia, B3H", "Share_Hidden": 0.0, "Share_Vetted": 1.0, "Precise_Location": null, "Photo_Who": null, "Photo_Source": null, "photographer": null, "Title": null, "Photo_When": null, "Date_Time": null, "Community_Impact": null, "Contact": null, "Email": null, "Community_Lifelines": null, "Vetted": null, "Damage_Scale": null, "Incident": null, "Removal_Reason": null, "Removal_Feedback": null, "damage_score": null, "Claimed": null, "does_this_photo_show_damage_of_": null, "photo_categories": null, "how_did_you_geolocate_this_phot": null, "how_did_you_geolocate_this_phot_other": null, "explanation": null, "volunteer_note": null, "field_19": null, "attachment_count": 2.0, "Disaster Type": "Tropical Cyclone", "Disaster_Type": "Other / Unknown", "longitude": -63.573560999998897, "latitude": 44.6385779999992, "us_region": "<NA>", "coordinate_swap_applied": false }, "geometry": { "type": "Point", "coordinates": [ -63.573560999998897, 44.6385779999992 ] } },
{ "type": "Feature", "properties": { "URLName": "2020_Disasters_Crowdsourced_Photos_DashboardView", "ParentObjectId": "1061", "AttachmentId": 1053.0, "GlobalId": "3d502c6e-3f0e-42c1-8fe2-041b82030b65", "AttachmentName": "101987165_178397906939158_4569135058025030521_n.jpg", "ContentType": "image/jpeg", "Size(bytes)": "151295", "Keywords": "Photo", "ExifInfo": null, "DownloadURL": "https://services.arcgis.com/0ZRg6WRC7mxSLyKX/arcgis/rest/services/2020_Disasters_Crowdsourced_Photos_DashboardView/FeatureServer/0/1061/attachments/1053", "SaveRelativePath": "images\\2020_Disasters_Crowdsourced_Photos_DashboardView\\1061_1053_101987165_178397906939158_4569135058025030521_n.jpg", "Status": "success", "ErrorMessage": null, "ParentGlobalId": "4e5e56f7-2bf0-435f-88bd-3a1a62cc4443", "Y": 20.32742, "X": -89.45343, "CreationDate": "2020-06-08T05:49:42.305", "Creator": "pshaif7", "EditDate": "2021-03-18T22:36:53.387", "Editor": "htorpey_GC", "Name": null, "Description": "Translation: The Mexican army supports people affected by floods to relocate their belongings to the homes of their relatives", "Location_Name": null, "Share_Hidden": null, "Share_Vetted": null, "Precise_Location": "City_Level", "Photo_Who": "Internet", "Photo_Source": "https://t.co/AyVuh5B2J5?amp=1", "photographer": null, "Title": "Mexican army in Ticul", "Photo_When": null, "Date_Time": "2020-06-06T01:00:00", "Community_Impact": "first_responders_rescue,Non_Residential_Property,Highway_Roads,weather_conditions", "Contact": null, "Email": null, "Community_Lifelines": null, "Vetted": 2.0, "Damage_Scale": null, "Incident": null, "Removal_Reason": null, "Removal_Feedback": null, "damage_score": null, "Claimed": null, "does_this_photo_show_damage_of_": null, "photo_categories": "First_Responders_Rescue,Commercial_Property,Highway_Road,Weather_Conditions", "how_did_you_geolocate_this_phot": null, "how_did_you_geolocate_this_phot_other": null, "explanation": null, "volunteer_note": null, "field_19": null, "attachment_count": 1.0, "Disaster Type": "Flood", "Disaster_Type": "Other / Unknown", "longitude": -89.45343, "latitude": 20.32742, "us_region": "<NA>", "coordinate_swap_applied": false }, "geometry": { "type": "Point", "coordinates": [ -89.45343, 20.3274200000001 ] } },
{ "type": "Feature", "properties": { "URLName": "2019_Crowdsourced_Photos_Public_Feature_Layer_View", "ParentObjectId": "984", "AttachmentId": 1967.0, "GlobalId": "a78cc11b-7586-49c3-9c5f-dbd7cf709aee", "AttachmentName": "PrimaryPhoto.jpeg", "ContentType": "image/jpeg", "Size(bytes)": "203599", "Keywords": null, "ExifInfo": null, "DownloadURL": "https://services.arcgis.com/0ZRg6WRC7mxSLyKX/arcgis/rest/services/2019_Crowdsourced_Photos_Public_Feature_Layer_View/FeatureServer/0/984/attachments/1967", "SaveRelativePath": "984_1967_PrimaryPhoto.jpeg", "Status": "success", "ErrorMessage": null, "ParentGlobalId": "a8635cfb-443b-436a-8300-1dd46d37b50b", "Y": -63.556282735675801, "X": 44.5747642525345, "CreationDate": "2019-09-08T17:57:20.663", "Creator": "htorpey_GC", "EditDate": "2020-04-30T00:49:19.955", "Editor": "napsgCS", "Name": "20190908 14:48 Destroyed structures on Powers Pond", "Description": "Herring Cove, N.S., resident says he's not sure who will be responsible for cleaning up the mess left in Powers Pond in the wake of Dorian. (David Burke/CBC)", "Location_Name": "1511 John Brackett Dr, Herring Cove, Halifax, Nova Scotia, B3V 1G8", "Share_Hidden": 0.0, "Share_Vetted": 1.0, "Precise_Location": null, "Photo_Who": null, "Photo_Source": null, "photographer": null, "Title": null, "Photo_When": null, "Date_Time": null, "Community_Impact": null, "Contact": null, "Email": null, "Community_Lifelines": null, "Vetted": null, "Damage_Scale": null, "Incident": null, "Removal_Reason": null, "Removal_Feedback": null, "damage_score": null, "Claimed": null, "does_this_photo_show_damage_of_": null, "photo_categories": null, "how_did_you_geolocate_this_phot": null, "how_did_you_geolocate_this_phot_other": null, "explanation": null, "volunteer_note": null, "field_19": null, "attachment_count": 2.0, "Disaster Type": "Tropical Cyclone", "Disaster_Type": "Other / Unknown", "longitude": 44.5747642525345, "latitude": -63.556282735675801, "us_region": "<NA>", "coordinate_swap_applied": false }, "geometry": { "type": "Point", "coordinates": [ 44.5747642525345, -63.556282735675801 ] } },
{ "type": "Feature", "properties": { "URLName": "2019_Crowdsourced_Photos_Public_Feature_Layer_View", "ParentObjectId": "978", "AttachmentId": 1955.0, "GlobalId": "1677066e-226c-4489-8e02-a99948ce47f7", "AttachmentName": "PrimaryPhoto.jpeg", "ContentType": "image/jpeg", "Size(bytes)": "152741", "Keywords": null, "ExifInfo": null, "DownloadURL": "https://services.arcgis.com/0ZRg6WRC7mxSLyKX/arcgis/rest/services/2019_Crowdsourced_Photos_Public_Feature_Layer_View/FeatureServer/0/978/attachments/1955", "SaveRelativePath": "978_1955_PrimaryPhoto.jpeg", "Status": "success", "ErrorMessage": null, "ParentGlobalId": "9d2f2e9f-844b-42c4-86e3-8ce7ad274bf2", "Y": -63.603096140574401, "X": 44.474447719367703, "CreationDate": "2019-09-08T17:36:06.184", "Creator": "htorpey_GC", "EditDate": "2020-04-30T00:49:19.955", "Editor": "napsgCS", "Name": "20190907 08:42 Shingles secured with lobster ropes", "Description": "Using lobster fishing ropes to tie down your roof. How residents of Sambro, Nova Scotia are preparing for Hurricane Dorian. [location approximate] https://twitter.com/Brett_CBC/status/1170316325245345793?s=20", "Location_Name": "3802-3898 Old Sambro Rd, Sambro, Halifax, Nova Scotia, B3V", "Share_Hidden": 0.0, "Share_Vetted": 1.0, "Precise_Location": null, "Photo_Who": null, "Photo_Source": null, "photographer": null, "Title": null, "Photo_When": null, "Date_Time": null, "Community_Impact": null, "Contact": null, "Email": null, "Community_Lifelines": null, "Vetted": null, "Damage_Scale": null, "Incident": null, "Removal_Reason": null, "Removal_Feedback": null, "damage_score": null, "Claimed": null, "does_this_photo_show_damage_of_": null, "photo_categories": null, "how_did_you_geolocate_this_phot": null, "how_did_you_geolocate_this_phot_other": null, "explanation": null, "volunteer_note": null, "field_19": null, "attachment_count": 2.0, "Disaster Type": "Tropical Cyclone", "Disaster_Type": "Other / Unknown", "longitude": 44.474447719367703, "latitude": -63.603096140574401, "us_region": "<NA>", "coordinate_swap_applied": false }, "geometry": { "type": "Point", "coordinates": [ 44.474447719367703, -63.603096140574401 ] } },
{ "type": "Feature", "properties": { "URLName": "2020_Disasters_Crowdsourced_Photos_DashboardView", "ParentObjectId": "1073", "AttachmentId": 1065.0, "GlobalId": "6049c909-cd6d-4cc7-85a1-fb31c8e64860", "AttachmentName": "Photo4.jpg", "ContentType": "image/jpeg", "Size(bytes)": "171282", "Keywords": "Photo", "ExifInfo": null, "DownloadURL": "https://services.arcgis.com/0ZRg6WRC7mxSLyKX/arcgis/rest/services/2020_Disasters_Crowdsourced_Photos_DashboardView/FeatureServer/0/1073/attachments/1065", "SaveRelativePath": "1073_1065_Photo4.jpg", "Status": "success", "ErrorMessage": null, "ParentGlobalId": "a6e05a05-72bc-40a0-8a1b-7bfccedbe12c", "Y": -87.07987, "X": 20.6274, "CreationDate": "2020-06-08T15:56:08.965", "Creator": null, "EditDate": "2021-03-18T22:36:53.387", "Editor": "htorpey_GC", "Name": "Suman Bhan", "Description": "500 tons of sargassum made landfall on the coasts of Playa del Carmen, Quintana Roo, Mexico  due to the strong currents generated by the tropical storm Cristóbal", "Location_Name": null, "Share_Hidden": null, "Share_Vetted": null, "Precise_Location": "Exact_Location", "Photo_Who": "Internet", "Photo_Source": "https://www.theyucatantimes.com/wp-content/uploads/2020/06/playa.jpg", "photographer": null, "Title": "seaweed on the coasts of Playa del Carmen", "Photo_When": null, "Date_Time": null, "Community_Impact": "Non_Residential_Property", "Contact": null, "Email": null, "Community_Lifelines": null, "Vetted": 2.0, "Damage_Scale": null, "Incident": "CrowdsourcedPhoto_20200606_Cristobal_294", "Removal_Reason": null, "Removal_Feedback": null, "damage_score": null, "Claimed": null, "does_this_photo_show_damage_of_": null, "photo_categories": "Commercial_Property", "how_did_you_geolocate_this_phot": null, "how_did_you_geolocate_this_phot_other": null, "explanation": null, "volunteer_note": null, "field_19": null, "attachment_count": 1.0, "Disaster Type": "Tropical Cyclone", "Disaster_Type": "Tropical Cyclone", "longitude": 20.6274, "latitude": -87.07987, "us_region": "<NA>", "coordinate_swap_applied": false }, "geometry": { "type": "Point", "coordinates": [ 20.6274, -87.07987 ] } },
{ "type": "Feature", "properties": { "URLName": "2020_Disasters_Crowdsourced_Photos_DashboardView", "ParentObjectId": "8719", "AttachmentId": 8899.0, "GlobalId": "1788c35e-69c6-4171-8847-970c6a96adf6", "AttachmentName": "Photo_20240624020456.jpg", "ContentType": "image/jpeg", "Size(bytes)": "141145", "Keywords": "Photo", "ExifInfo": null, "DownloadURL": "https://services.arcgis.com/0ZRg6WRC7mxSLyKX/arcgis/rest/services/2020_Disasters_Crowdsourced_Photos_DashboardView/FeatureServer/0/8719/attachments/8899", "SaveRelativePath": "8719_8899_Photo_20240624020456.jpg", "Status": "success", "ErrorMessage": null, "ParentGlobalId": "b21a154f-46ba-4178-8e25-df15c6cec1fc", "Y": 1.389308, "X": 103.899536, "CreationDate": "2024-06-23T18:07:09.065", "Creator": "klim_demosg", "EditDate": "2024-07-08T20:27:17.680", "Editor": "kjohnson_GISCorps", "Name": null, "Description": "ets", "Location_Name": null, "Share_Hidden": null, "Share_Vetted": null, "Precise_Location": "Exact_Location", "Photo_Who": "Myself", "Photo_Source": null, "photographer": null, "Title": "ttt", "Photo_When": null, "Date_Time": null, "Community_Impact": null, "Contact": null, "Email": null, "Community_Lifelines": null, "Vetted": 2.0, "Damage_Scale": null, "Incident": "CrowdsourcedPhoto_20240613_FL_Flooding_392", "Removal_Reason": "Not relevant", "Removal_Feedback": null, "damage_score": null, "Claimed": "Yes", "does_this_photo_show_damage_of_": "No", "photo_categories": "Evacuations", "how_did_you_geolocate_this_phot": "Communication_with_the_person_w", "how_did_you_geolocate_this_phot_other": null, "explanation": null, "volunteer_note": null, "field_19": null, "attachment_count": 1.0, "Disaster Type": "Flood", "Disaster_Type": "Flood", "longitude": 103.899536, "latitude": 1.389308, "us_region": "<NA>", "coordinate_swap_applied": false }, "geometry": { "type": "Point", "coordinates": [ 103.899536, 1.389308 ] } },
{ "type": "Feature", "properties": { "URLName": "2019_Crowdsourced_Photos_Public_Feature_Layer_View", "ParentObjectId": "997", "AttachmentId": 1993.0, "GlobalId": "882314d2-6783-4d64-a999-17a07ada15e3", "AttachmentName": "PrimaryPhoto.jpeg", "ContentType": "image/jpeg", "Size(bytes)": "321497", "Keywords": null, "ExifInfo": null, "DownloadURL": "https://services.arcgis.com/0ZRg6WRC7mxSLyKX/arcgis/rest/services/2019_Crowdsourced_Photos_Public_Feature_Layer_View/FeatureServer/0/997/attachments/1993", "SaveRelativePath": "images\\2019_Crowdsourced_Photos_Public_Feature_Layer_View\\997_1993_PrimaryPhoto.jpeg", "Status": "success", "ErrorMessage": null, "ParentGlobalId": "fc123106-d9ad-4a6d-8771-90d89a00de60", "Y": 45.831189651794901, "X": -64.2077805886059, "CreationDate": "2019-09-08T21:10:01.399", "Creator": "htorpey_GC", "EditDate": "2020-04-30T00:49:19.955", "Editor": "napsgCS", "Name": "20190908 09:04 Tree down on power lines in Amherst", "Description": "[precise location unknown] Some of the damage The cleanuprricane Dorian inflicted on the Town of Amherst is well underway. Nova Scotia Power crews are working to restore power and town crews cleaning up the mess left on streets and town parks. Lets thank the crews for the hard work they are doing. https://twitter.com/TownofAmherstNS/status/1170684390894182402", "Location_Name": "1-3 Robie St, Amherst, Nova Scotia, B4H", "Share_Hidden": 0.0, "Share_Vetted": 1.0, "Precise_Location": null, "Photo_Who": null, "Photo_Source": null, "photographer": null, "Title": null, "Photo_When": null, "Date_Time": null, "Community_Impact": null, "Contact": null, "Email": null, "Community_Lifelines": null, "Vetted": null, "Damage_Scale": null, "Incident": null, "Removal_Reason": null, "Removal_Feedback": null, "damage_score": null, "Claimed": null, "does_this_photo_show_damage_of_": null, "photo_categories": null, "how_did_you_geolocate_this_phot": null, "how_did_you_geolocate_this_phot_other": null, "explanation": null, "volunteer_note": null, "field_19": null, "attachment_count": 2.0, "Disaster Type": "Tropical Cyclone", "Disaster_Type": "Other / Unknown", "longitude": -64.2077805886059, "latitude": 45.831189651794901, "us_region": "<NA>", "coordinate_swap_applied": false }, "geometry": { "type": "Point", "coordinates": [ -64.2077805886059, 45.831189651794901 ] } },
{ "type": "Feature", "properties": { "URLName": "2019_Crowdsourced_Photos_Public_Feature_Layer_View", "ParentObjectId": "1012", "AttachmentId": 2023.0, "GlobalId": "8f4f387c-da76-4862-9975-1c513ae736ea", "AttachmentName": "PrimaryPhoto.jpeg", "ContentType": "image/jpeg", "Size(bytes)": "214041", "Keywords": null, "ExifInfo": null, "DownloadURL": "https://services.arcgis.com/0ZRg6WRC7mxSLyKX/arcgis/rest/services/2019_Crowdsourced_Photos_Public_Feature_Layer_View/FeatureServer/0/1012/attachments/2023", "SaveRelativePath": "images\\2019_Crowdsourced_Photos_Public_Feature_Layer_View\\1012_2023_PrimaryPhoto.jpeg", "Status": "success", "ErrorMessage": null, "ParentGlobalId": "870db3d9-f8e3-4ef8-ac3b-ff1371667bec", "Y": 44.641675473542598, "X": -63.579245336543103, "CreationDate": "2019-09-10T07:00:06.227", "Creator": "keithnsage", "EditDate": "2020-04-30T00:49:19.955", "Editor": "napsgCS", "Name": "20190807 17:53 AT Crane toppled, trees uprooted as Dorian hammers Nova Scotia", "Description": "Crane toppled, trees uprooted as Dorian hammers Nova Scotia.\nA crane on South Park Street in Halifax toppled onto a building under construction. (Craig Paisley/CBC)\nhttps://www.cbc.ca/news/canada/nova-scotia/hurricane-dorian-nova-scotia-destruction-1.5274887", "Location_Name": "1463 S Park St, Halifax, Nova Scotia, B3J 2L1", "Share_Hidden": 0.0, "Share_Vetted": 1.0, "Precise_Location": null, "Photo_Who": null, "Photo_Source": null, "photographer": null, "Title": null, "Photo_When": null, "Date_Time": null, "Community_Impact": null, "Contact": null, "Email": null, "Community_Lifelines": null, "Vetted": null, "Damage_Scale": null, "Incident": null, "Removal_Reason": null, "Removal_Feedback": null, "damage_score": null, "Claimed": null, "does_this_photo_show_damage_of_": null, "photo_categories": null, "how_did_you_geolocate_this_phot": null, "how_did_you_geolocate_this_phot_other": null, "explanation": null, "volunteer_note": null, "field_19": null, "attachment_count": 2.0, "Disaster Type": "Tropical Cyclone", "Disaster_Type": "Other / Unknown", "longitude": -63.579245336543103, "latitude": 44.641675473542598, "us_region": "<NA>", "coordinate_swap_applied": false }, "geometry": { "type": "Point", "coordinates": [ -63.579245336543103, 44.641675473542598 ] } },
{ "type": "Feature", "properties": { "URLName": "2020_Disasters_Crowdsourced_Photos_DashboardView", "ParentObjectId": "913", "AttachmentId": 901.0, "GlobalId": "91e239b1-e2a2-4ff8-86a2-af6be5b36183", "AttachmentName": "WhatsApp-Image-2020-06-03-at-5.28.40-PM-692x360.jpeg", "ContentType": "image/jpeg", "Size(bytes)": "63714", "Keywords": "Photo", "ExifInfo": null, "DownloadURL": "https://services.arcgis.com/0ZRg6WRC7mxSLyKX/arcgis/rest/services/2020_Disasters_Crowdsourced_Photos_DashboardView/FeatureServer/0/913/attachments/901", "SaveRelativePath": "images\\2020_Disasters_Crowdsourced_Photos_DashboardView\\913_901_WhatsApp-Image-2020-06-03-at-5.28.40-PM-692x360.jpeg", "Status": "success", "ErrorMessage": null, "ParentGlobalId": "f41b5839-a38f-4419-8647-a3238f7367d5", "Y": 18.521208667238799, "X": -88.402692778022796, "CreationDate": "2020-06-06T21:53:30.037", "Creator": null, "EditDate": "2021-03-18T22:36:53.387", "Editor": "htorpey_GC", "Name": "Abby", "Description": "Floods caused three road cuts on the Chetumal – Escárcega section of the highway which prevents vehicular traffic, leaving the State incommunicado. In Campeche, 139 people had to be evacuated by the army due to rising floodwaters.", "Location_Name": null, "Share_Hidden": null, "Share_Vetted": null, "Precise_Location": "Street_Level", "Photo_Who": "Internet", "Photo_Source": "https://www.quequi.com.mx/incomunican-lluvias-a-zona-sur-del-estado/", "photographer": null, "Title": "Flood washes out Highway, stranding citizens.", "Photo_When": null, "Date_Time": "2020-06-03T22:00:00", "Community_Impact": "Highway_Roads", "Contact": null, "Email": null, "Community_Lifelines": null, "Vetted": 2.0, "Damage_Scale": null, "Incident": null, "Removal_Reason": null, "Removal_Feedback": null, "damage_score": null, "Claimed": null, "does_this_photo_show_damage_of_": null, "photo_categories": "Highway_Road", "how_did_you_geolocate_this_phot": null, "how_did_you_geolocate_this_phot_other": null, "explanation": null, "volunteer_note": null, "field_19": null, "attachment_count": 1.0, "Disaster Type": "Flood", "Disaster_Type": "Other / Unknown", "longitude": -88.402692778022796, "latitude": 18.521208667238799, "us_region": "<NA>", "coordinate_swap_applied": false }, "geometry": { "type": "Point", "coordinates": [ -88.402692778022796, 18.521208667238799 ] } },
{ "type": "Feature", "properties": { "URLName": "Tropical Cyclone", "ParentObjectId": "2019_Crowdsourced_Photos_Public_Feature_Layer_View", "AttachmentId": 982.0, "GlobalId": "1963", "AttachmentName": "9e96d7ad-5b4d-4e54-bcb7-2ef184d9bdb8", "ContentType": "PrimaryPhoto.jpeg", "Size(bytes)": "image/jpeg", "Keywords": "197445", "ExifInfo": null, "DownloadURL": null, "SaveRelativePath": "https://services.arcgis.com/0ZRg6WRC7mxSLyKX/arcgis/rest/services/2019_Crowdsourced_Photos_Public_Feature_Layer_View/FeatureServer/0/982/attachments/1963", "Status": "982_1963_PrimaryPhoto.jpeg", "ErrorMessage": "success", "ParentGlobalId": "6ce56fd4-3265-4c78-8500-bda0ca2f6595", "Y": -64.545050757526099, "X": 46.227746925223798, "CreationDate": "2019-09-08T17:45:46.725", "Creator": "htorpey_GC", "EditDate": "2020-04-30T00:49:19.955", "Editor": "napsgCS", "Name": "20190908 Damaged marina at Shediac Bay Yacht Club", "Description": "Shediac Bay Yacht Club, New Brunswick https://www.en24.news/ca/2019/09/dorian-maritimers-take-measurement-of-damage.html", "Location_Name": "Westmorland, New Brunswick", "Share_Hidden": 0.0, "Share_Vetted": 1.0, "Precise_Location": null, "Photo_Who": null, "Photo_Source": null, "photographer": null, "Title": null, "Photo_When": null, "Date_Time": null, "Community_Impact": null, "Contact": null, "Email": null, "Community_Lifelines": null, "Vetted": null, "Damage_Scale": null, "Incident": null, "Removal_Reason": null, "Removal_Feedback": null, "damage_score": null, "Claimed": null, "does_this_photo_show_damage_of_": null, "photo_categories": null, "how_did_you_geolocate_this_phot": null, "how_did_you_geolocate_this_phot_other": null, "explanation": null, "volunteer_note": null, "field_19": null, "attachment_count": 2.0, "Disaster Type": "Tropical Cyclone", "Disaster_Type": "Other / Unknown", "longitude": 46.227746925223798, "latitude": -64.545050757526099, "us_region": "<NA>", "coordinate_swap_applied": false }, "geometry": { "type": "Point", "coordinates": [ 46.227746925223798, -64.545050757526099 ] } },
{ "type": "Feature", "properties": { "URLName": "Other and Unknown", "ParentObjectId": "2020_Disasters_Crowdsourced_Photos_DashboardView", "AttachmentId": 1054.0, "GlobalId": "1044", "AttachmentName": "b345f3ee-1d03-4e15-8c00-3464b7bc0c6d", "ContentType": "EZ9UFAiUwAA-mN9.jpg", "Size(bytes)": "image/jpeg", "Keywords": "441060", "ExifInfo": "Photo", "DownloadURL": null, "SaveRelativePath": "https://services.arcgis.com/0ZRg6WRC7mxSLyKX/arcgis/rest/services/2020_Disasters_Crowdsourced_Photos_DashboardView/FeatureServer/0/1054/attachments/1044", "Status": "1054_1044_EZ9UFAiUwAA-mN9.jpg", "ErrorMessage": "success", "ParentGlobalId": "a8f619f3-e691-4684-80d4-bd5da4c0fd45", "Y": -89.62317, "X": 20.9667, "CreationDate": "2020-06-08T03:06:13.829", "Creator": null, "EditDate": "2021-03-18T22:36:53.387", "Editor": "htorpey_GC", "Name": "Brad Fisher", "Description": "Hoy revisamos los daños ocasionados al distribuidor vial de Prolongación Montejo por la tormenta tropical Cristóbal. Los equipos de Servicios Públicos y Obras Públicas ya están trabajando para solucionarlos y poder reabrir el tránsito vehicular.", "Location_Name": null, "Share_Hidden": null, "Share_Vetted": null, "Precise_Location": "City_Level", "Photo_Who": "Internet", "Photo_Source": "https://twitter.com/RenanBarrera/status/1269826071765020673/photo/1", "photographer": null, "Title": "Review of the damage caused to the Prolongacion Montejo road distributor by Cristobal.", "Photo_When": null, "Date_Time": "2020-06-08T02:58:00", "Community_Impact": "Highway_Roads", "Contact": null, "Email": null, "Community_Lifelines": null, "Vetted": 2.0, "Damage_Scale": null, "Incident": null, "Removal_Reason": null, "Removal_Feedback": null, "damage_score": null, "Claimed": null, "does_this_photo_show_damage_of_": null, "photo_categories": "Highway_Road", "how_did_you_geolocate_this_phot": null, "how_did_you_geolocate_this_phot_other": null, "explanation": null, "volunteer_note": null, "field_19": null, "attachment_count": 1.0, "Disaster Type": "Tropical Cyclone", "Disaster_Type": "Other / Unknown", "longitude": 20.9667, "latitude": -89.62317, "us_region": "<NA>", "coordinate_swap_applied": false }, "geometry": { "type": "Point", "coordinates": [ 20.9667, -89.62317 ] } },
{ "type": "Feature", "properties": { "URLName": null, "ParentObjectId": null, "AttachmentId": null, "GlobalId": null, "AttachmentName": null, "ContentType": null, "Size(bytes)": null, "Keywords": null, "ExifInfo": null, "DownloadURL": null, "SaveRelativePath": null, "Status": null, "ErrorMessage": null, "ParentGlobalId": null, "Y": 39.428445, "X": -0.4188263, "CreationDate": "2026-04-03T14:43:02.770", "Creator": null, "EditDate": "2026-06-23T20:33:22.472", "Editor": null, "Name": null, "Description": "he extreme rainfall—some areas received a year's worth of rain in just a few hours—caused rivers to burst their banks, washing away cars and leaving streets buried under thick mud and debris.", "Location_Name": null, "Share_Hidden": null, "Share_Vetted": null, "Precise_Location": "City_Level", "Photo_Who": "Internet", "Photo_Source": "Google.com", "photographer": null, "Title": "Flood Spain", "Photo_When": null, "Date_Time": null, "Community_Impact": null, "Contact": null, "Email": null, "Community_Lifelines": null, "Vetted": 2.0, "Damage_Scale": null, "Incident": null, "Removal_Reason": null, "Removal_Feedback": null, "damage_score": null, "Claimed": null, "does_this_photo_show_damage_of_": "Yes", "photo_categories": "Evacuations,Weather_Conditions,Public_Safety_Risk_Hazard", "how_did_you_geolocate_this_phot": "other", "how_did_you_geolocate_this_phot_other": "AI", "explanation": null, "volunteer_note": null, "field_19": null, "attachment_count": null, "Disaster Type": "Flood", "Disaster_Type": "Other / Unknown", "longitude": -0.4188263, "latitude": 39.428445, "us_region": "<NA>", "coordinate_swap_applied": false }, "geometry": { "type": "Point", "coordinates": [ -0.4188263, 39.428445 ] } },
{ "type": "Feature", "properties": { "URLName": null, "ParentObjectId": null, "AttachmentId": null, "GlobalId": null, "AttachmentName": null, "ContentType": null, "Size(bytes)": null, "Keywords": null, "ExifInfo": null, "DownloadURL": null, "SaveRelativePath": null, "Status": null, "ErrorMessage": null, "ParentGlobalId": null, "Y": -24.804556933000001, "X": 33.522299832999998, "CreationDate": "2026-04-03T14:46:08.297", "Creator": null, "EditDate": "2026-06-23T20:33:26.718", "Editor": null, "Name": null, "Description": "The image shows residents wading through a flooded street in Xai-Xai, the provincial capital of", "Location_Name": null, "Share_Hidden": null, "Share_Vetted": null, "Precise_Location": "City_Level", "Photo_Who": "Internet", "Photo_Source": "Google.com", "photographer": null, "Title": "Xai Xai Flood", "Photo_When": null, "Date_Time": "2026-01-20T15:45:00", "Community_Impact": null, "Contact": null, "Email": null, "Community_Lifelines": null, "Vetted": 2.0, "Damage_Scale": null, "Incident": null, "Removal_Reason": null, "Removal_Feedback": null, "damage_score": null, "Claimed": null, "does_this_photo_show_damage_of_": "Yes", "photo_categories": "Evacuations,Weather_Conditions,Public_Safety_Risk_Hazard", "how_did_you_geolocate_this_phot": "other", "how_did_you_geolocate_this_phot_other": "AI", "explanation": null, "volunteer_note": null, "field_19": null, "attachment_count": null, "Disaster Type": "Flood", "Disaster_Type": "Other / Unknown", "longitude": 33.522299832999998, "latitude": -24.804556933000001, "us_region": "<NA>", "coordinate_swap_applied": false }, "geometry": { "type": "Point", "coordinates": [ 33.522299833, -24.804556933 ] } },
{ "type": "Feature", "properties": { "URLName": null, "ParentObjectId": null, "AttachmentId": null, "GlobalId": null, "AttachmentName": null, "ContentType": null, "Size(bytes)": null, "Keywords": null, "ExifInfo": null, "DownloadURL": null, "SaveRelativePath": null, "Status": null, "ErrorMessage": null, "ParentGlobalId": null, "Y": 24.31260409, "X": 121.750208173, "CreationDate": "2026-04-03T14:47:12.991", "Creator": null, "EditDate": "2026-06-23T20:33:30.317", "Editor": null, "Name": null, "Description": "The earthquake caused major landslides on the Suhua Highway in Taiwan.", "Location_Name": null, "Share_Hidden": null, "Share_Vetted": null, "Precise_Location": "Exact_Location", "Photo_Who": "Myself", "Photo_Source": null, "photographer": null, "Title": "Devastating rainfall in Asia", "Photo_When": null, "Date_Time": null, "Community_Impact": null, "Contact": null, "Email": null, "Community_Lifelines": null, "Vetted": 2.0, "Damage_Scale": null, "Incident": null, "Removal_Reason": null, "Removal_Feedback": null, "damage_score": null, "Claimed": null, "does_this_photo_show_damage_of_": "No", "photo_categories": "Weather_Conditions,Public_Safety_Risk_Hazard,Debris", "how_did_you_geolocate_this_phot": "Communication_with_the_person_w", "how_did_you_geolocate_this_phot_other": null, "explanation": null, "volunteer_note": "Good quality photo", "field_19": null, "attachment_count": null, "Disaster Type": "Earthquake", "Disaster_Type": "Other / Unknown", "longitude": 121.750208173, "latitude": 24.31260409, "us_region": "<NA>", "coordinate_swap_applied": false }, "geometry": { "type": "Point", "coordinates": [ 121.750208173, 24.31260409 ] } },
{ "type": "Feature", "properties": { "URLName": null, "ParentObjectId": null, "AttachmentId": null, "GlobalId": null, "AttachmentName": null, "ContentType": null, "Size(bytes)": null, "Keywords": null, "ExifInfo": null, "DownloadURL": null, "SaveRelativePath": null, "Status": null, "ErrorMessage": null, "ParentGlobalId": null, "Y": 18.10962457, "X": -77.29748485, "CreationDate": "2026-04-03T15:07:07.976", "Creator": null, "EditDate": "2026-06-23T20:33:42.001", "Editor": null, "Name": null, "Description": "Fallen Tree in Saint catherine due to hurricane melissa", "Location_Name": null, "Share_Hidden": null, "Share_Vetted": null, "Precise_Location": "Exact_Location", "Photo_Who": "Internet", "Photo_Source": "https://insideclimatenews.org/news/28102025/hurricane-melissa-hits-jamaica/", "photographer": null, "Title": "Fallen Tree in Saint catherine", "Photo_When": null, "Date_Time": null, "Community_Impact": null, "Contact": null, "Email": null, "Community_Lifelines": null, "Vetted": 2.0, "Damage_Scale": null, "Incident": null, "Removal_Reason": null, "Removal_Feedback": null, "damage_score": null, "Claimed": null, "does_this_photo_show_damage_of_": "Yes", "photo_categories": "Weather_Conditions,Debris", "how_did_you_geolocate_this_phot": "other", "how_did_you_geolocate_this_phot_other": "Google", "explanation": null, "volunteer_note": null, "field_19": null, "attachment_count": null, "Disaster Type": "Tropical Cyclone", "Disaster_Type": "Other / Unknown", "longitude": -77.29748485, "latitude": 18.10962457, "us_region": "<NA>", "coordinate_swap_applied": false }, "geometry": { "type": "Point", "coordinates": [ -77.29748485, 18.10962457 ] } },
{ "type": "Feature", "properties": { "URLName": null, "ParentObjectId": null, "AttachmentId": null, "GlobalId": null, "AttachmentName": null, "ContentType": null, "Size(bytes)": null, "Keywords": null, "ExifInfo": null, "DownloadURL": null, "SaveRelativePath": null, "Status": null, "ErrorMessage": null, "ParentGlobalId": null, "Y": 10.610444444000001, "X": -67.008333332999996, "CreationDate": "2026-07-03T16:30:00.013", "Creator": null, "EditDate": "2026-07-10T18:29:56.153", "Editor": null, "Name": null, "Description": "Edificio con daño total (colapso): Edificio El Jurel. en Playa Grande, Maiquetía, Venezuela", "Location_Name": null, "Share_Hidden": null, "Share_Vetted": null, "Precise_Location": "Exact_Location", "Photo_Who": "Internet", "Photo_Source": "https://x.com/zarGEOINT/status/2070263778638221536?s=20", "photographer": null, "Title": "CVPM-001 - Edificio con daño total (colapso): Edificio El Jurel. en Playa Grande, Maiquetía, Venezuela", "Photo_When": null, "Date_Time": "2026-06-26T20:24:00", "Community_Impact": "Food_Water_Shelter", "Contact": null, "Email": null, "Community_Lifelines": null, "Vetted": 1.0, "Damage_Scale": null, "Incident": "CrowdsourcedPhoto_20260703_VEN_EQ_428", "Removal_Reason": null, "Removal_Feedback": null, "damage_score": 4.0, "Claimed": null, "does_this_photo_show_damage_of_": "Yes", "photo_categories": "Residential_Property,Commercial_Property", "how_did_you_geolocate_this_phot": "Clues_in_text_or_comments", "how_did_you_geolocate_this_phot_other": null, "explanation": null, "volunteer_note": "POST URL in Queue\n\nhttps://jckifxsdlnsvbztxydes.supabase.co/rest/v1/buildings?id=eq.e9a905c0-f8cd-4b48-b9d5-41c147bc0ee3&apikey=sb_publishable_i7iEDrCVZcSt0k3RGFrY4g_WrtZBB4w&select=name,address,city,zone,damage_level,status,main_photo_url,media_urls,general_source,last_updated_at   \n\n[{\"name\":\"Edificio El Jurel\",\"address\":\"Playa Grande, Maiquetía 1162, La Guaira, Venezuela\",\"city\":\"Maiquetía\",\"zone\":\"Playa Grande\",\"damage_level\":\"total\",\"status\":\"en_revision\",\"main_photo_url\":\"https://jckifxsdlnsvbztxydes.supabase.co/storage/v1/object/public/damage-media/reports/9fb81a02-2fa5-43a0-bbfd-fb7fcfd08f6c.png\",\"media_urls\":[\"https://jckifxsdlnsvbztxydes.supabase.co/storage/v1/object/public/damage-media/reports/9fb81a02-2fa5-43a0-bbfd-fb7fcfd08f6c.png\",\"https://jckifxsdlnsvbztxydes.supabase.co/storage/v1/object/public/damage-media/reports/e7b3fc6c-7a0b-46a9-abe6-a6995f65333a.jpeg\"],\"general_source\":\"Video tomado desde la Marina Deportiva\",\"last_updated_at\":\"2026-06-26T15:24:40.509+00:00\"}]", "field_19": null, "attachment_count": null, "Disaster Type": "Earthquake", "Disaster_Type": "Other / Unknown", "longitude": -67.008333332999996, "latitude": 10.610444444000001, "us_region": "<NA>", "coordinate_swap_applied": false }, "geometry": { "type": "Point", "coordinates": [ -67.008333333, 10.610444444 ] } },
{ "type": "Feature", "properties": { "URLName": null, "ParentObjectId": null, "AttachmentId": null, "GlobalId": null, "AttachmentName": null, "ContentType": null, "Size(bytes)": null, "Keywords": null, "ExifInfo": null, "DownloadURL": null, "SaveRelativePath": null, "Status": null, "ErrorMessage": null, "ParentGlobalId": null, "Y": 10.48801, "X": -66.87919, "CreationDate": "2026-07-03T16:48:39.507", "Creator": null, "EditDate": "2026-07-10T18:29:56.153", "Editor": null, "Name": null, "Description": "Autoridades reportaron derrumbes de edificios y viviendas en distintos sectores de Caracas tras los sismos.", "Location_Name": null, "Share_Hidden": null, "Share_Vetted": null, "Precise_Location": "City_Level", "Photo_Who": "Internet", "Photo_Source": "https://x.com/BAENegocios/status/2070175048132862321", "photographer": null, "Title": "Escombros de edificios destruidos en Caracas, Venezuela.", "Photo_When": null, "Date_Time": "2026-06-25T20:59:00", "Community_Impact": "Food_Water_Shelter", "Contact": null, "Email": null, "Community_Lifelines": null, "Vetted": 1.0, "Damage_Scale": null, "Incident": "CrowdsourcedPhoto_20260703_VEN_EQ_428", "Removal_Reason": null, "Removal_Feedback": null, "damage_score": 4.0, "Claimed": null, "does_this_photo_show_damage_of_": "Yes", "photo_categories": "Residential_Property,Commercial_Property", "how_did_you_geolocate_this_phot": "Clues_in_text_or_comments", "how_did_you_geolocate_this_phot_other": null, "explanation": null, "volunteer_note": null, "field_19": null, "attachment_count": null, "Disaster Type": "Earthquake", "Disaster_Type": "Other / Unknown", "longitude": -66.87919, "latitude": 10.48801, "us_region": "<NA>", "coordinate_swap_applied": false }, "geometry": { "type": "Point", "coordinates": [ -66.87919, 10.48801 ] } },
{ "type": "Feature", "properties": { "URLName": null, "ParentObjectId": null, "AttachmentId": null, "GlobalId": null, "AttachmentName": null, "ContentType": null, "Size(bytes)": null, "Keywords": null, "ExifInfo": null, "DownloadURL": null, "SaveRelativePath": null, "Status": null, "ErrorMessage": null, "ParentGlobalId": null, "Y": 10.4926654810785, "X": -66.937485156031201, "CreationDate": "2026-07-03T17:17:13.046", "Creator": null, "EditDate": "2026-07-10T18:21:37.266", "Editor": null, "Name": null, "Description": "Major cracks in structure.", "Location_Name": null, "Share_Hidden": null, "Share_Vetted": null, "Precise_Location": "Exact_Location", "Photo_Who": "Internet", "Photo_Source": "https://x.com/DODI_VZLA/status/2070274269758550363", "photographer": null, "Title": "CVPM-018 - Severe damage to buildings located on San Martín Avenue", "Photo_When": null, "Date_Time": "2026-06-28T17:54:00", "Community_Impact": "Other", "Contact": null, "Email": null, "Community_Lifelines": null, "Vetted": 1.0, "Damage_Scale": null, "Incident": "CrowdsourcedPhoto_20260703_VEN_EQ_428", "Removal_Reason": null, "Removal_Feedback": null, "damage_score": 2.0, "Claimed": null, "does_this_photo_show_damage_of_": "Yes", "photo_categories": "Public_Safety_Risk_Hazard,Commercial_Property", "how_did_you_geolocate_this_phot": "Clues_in_photo", "how_did_you_geolocate_this_phot_other": null, "explanation": null, "volunteer_note": "The Post URL link in the Photo Queue takes you to an apartment complex damage report page, but the Image Address and Photo fields take you to the  Traki department store. The location I provided is for the Traki store.", "field_19": null, "attachment_count": null, "Disaster Type": "Earthquake", "Disaster_Type": "Other / Unknown", "longitude": -66.937485156031201, "latitude": 10.4926654810785, "us_region": "<NA>", "coordinate_swap_applied": false }, "geometry": { "type": "Point", "coordinates": [ -66.937485156031201, 10.4926654810785 ] } },
{ "type": "Feature", "properties": { "URLName": null, "ParentObjectId": null, "AttachmentId": null, "GlobalId": null, "AttachmentName": null, "ContentType": null, "Size(bytes)": null, "Keywords": null, "ExifInfo": null, "DownloadURL": null, "SaveRelativePath": null, "Status": null, "ErrorMessage": null, "ParentGlobalId": null, "Y": 10.514983657, "X": -66.898533552999993, "CreationDate": "2026-07-03T19:33:22.591", "Creator": null, "EditDate": "2026-07-10T18:21:37.266", "Editor": null, "Name": null, "Description": "Collapsed low rise building. Social Media post ChatGPT translation: Six people were rescued alive from the rubble of the Rita Building, located on Los Próceres Avenue in Caracas, after the structure collapsed following the double earthquake of June 24.", "Location_Name": null, "Share_Hidden": null, "Share_Vetted": null, "Precise_Location": "Exact_Location", "Photo_Who": "Internet", "Photo_Source": "https://x.com/infopublicave/status/2072379708864376911", "photographer": null, "Title": "CVPM-027 - Edificio Rita Los Proceres Rita Building", "Photo_When": null, "Date_Time": "2026-07-01T22:00:00", "Community_Impact": "Food_Water_Shelter", "Contact": null, "Email": null, "Community_Lifelines": null, "Vetted": 1.0, "Damage_Scale": null, "Incident": "CrowdsourcedPhoto_20260703_VEN_EQ_428", "Removal_Reason": null, "Removal_Feedback": null, "damage_score": 4.0, "Claimed": null, "does_this_photo_show_damage_of_": "Yes", "photo_categories": "Public_Safety_Risk_Hazard,First_Responders_Rescue,Residential_Property", "how_did_you_geolocate_this_phot": "Clues_in_photo", "how_did_you_geolocate_this_phot_other": null, "explanation": null, "volunteer_note": null, "field_19": null, "attachment_count": null, "Disaster Type": "Earthquake", "Disaster_Type": "Other / Unknown", "longitude": -66.898533552999993, "latitude": 10.514983657, "us_region": "<NA>", "coordinate_swap_applied": false }, "geometry": { "type": "Point", "coordinates": [ -66.898533553, 10.514983657 ] } },
{ "type": "Feature", "properties": { "URLName": null, "ParentObjectId": null, "AttachmentId": null, "GlobalId": null, "AttachmentName": null, "ContentType": null, "Size(bytes)": null, "Keywords": null, "ExifInfo": null, "DownloadURL": null, "SaveRelativePath": null, "Status": null, "ErrorMessage": null, "ParentGlobalId": null, "Y": 10.496548081, "X": -66.843365661999997, "CreationDate": "2026-07-03T20:03:34.293", "Creator": null, "EditDate": "2026-07-10T18:21:37.266", "Editor": null, "Name": null, "Description": "Severely damaged low rise building (8 -10 stories). Houses radio station.", "Location_Name": null, "Share_Hidden": null, "Share_Vetted": null, "Precise_Location": "Exact_Location", "Photo_Who": "Internet", "Photo_Source": "https://x.com/Retro_Series/status/2070314385315160094", "photographer": null, "Title": "CVPM-088 - Tecoteca Building  Avenida Francisco de Miranda", "Photo_When": null, "Date_Time": "2026-06-26T05:13:00", "Community_Impact": "Safety_Security", "Contact": null, "Email": null, "Community_Lifelines": null, "Vetted": 1.0, "Damage_Scale": null, "Incident": "CrowdsourcedPhoto_20260703_VEN_EQ_428", "Removal_Reason": null, "Removal_Feedback": null, "damage_score": 3.0, "Claimed": null, "does_this_photo_show_damage_of_": "Yes", "photo_categories": "Commercial_Property", "how_did_you_geolocate_this_phot": "Clues_in_photo", "how_did_you_geolocate_this_phot_other": null, "explanation": null, "volunteer_note": null, "field_19": null, "attachment_count": null, "Disaster Type": "Earthquake", "Disaster_Type": "Other / Unknown", "longitude": -66.843365661999997, "latitude": 10.496548081, "us_region": "<NA>", "coordinate_swap_applied": false }, "geometry": { "type": "Point", "coordinates": [ -66.843365662, 10.496548081 ] } },
{ "type": "Feature", "properties": { "URLName": null, "ParentObjectId": null, "AttachmentId": null, "GlobalId": null, "AttachmentName": null, "ContentType": null, "Size(bytes)": null, "Keywords": null, "ExifInfo": null, "DownloadURL": null, "SaveRelativePath": null, "Status": null, "ErrorMessage": null, "ParentGlobalId": null, "Y": 10.618259327000001, "X": -66.853762875000001, "CreationDate": "2026-07-03T20:14:18.744", "Creator": null, "EditDate": "2026-07-10T18:21:37.266", "Editor": null, "Name": null, "Description": "An apartment building is destroyed in Bahia Mar, La Guaira, Venezuela", "Location_Name": null, "Share_Hidden": null, "Share_Vetted": null, "Precise_Location": "Exact_Location", "Photo_Who": "Internet", "Photo_Source": "https://x.com/VPITV/status/2071046333859877231", "photographer": null, "Title": "CVPM-004 - Bahia Mar Apartment Building Destroyed in La Guaira, Venezuela [VIDEO]", "Photo_When": null, "Date_Time": "2026-06-28T01:41:00", "Community_Impact": "Food_Water_Shelter", "Contact": null, "Email": null, "Community_Lifelines": null, "Vetted": 1.0, "Damage_Scale": null, "Incident": "CrowdsourcedPhoto_20260703_VEN_EQ_428", "Removal_Reason": null, "Removal_Feedback": null, "damage_score": 4.0, "Claimed": null, "does_this_photo_show_damage_of_": "Yes", "photo_categories": "Public_Safety_Risk_Hazard,First_Responders_Rescue,Residential_Property", "how_did_you_geolocate_this_phot": "Clues_in_text_or_comments", "how_did_you_geolocate_this_phot_other": null, "explanation": null, "volunteer_note": "The coords provided in photo queue plotted at smaller hotel that did not seem to have similar outdoor elements. Additional videos on the Bahia Mar apartment google maps location appear to have similar low wall and yellow pipes that match what is in the video. https://www.google.com/maps/place/Bahia+Mar/@10.6178759,-66.8536731,3a,75y,90t/data=!3m8!1e5!3m6!1sCIABIhARiFumkVRHVtsgj-PaM5Y3!2e10!3e10!6shttps:%2F%2Flh3.googleusercontent.com%2Fgps-cs-s%2FAPNQkAG02JUo-R6sfOwzUAh8NQmEuzGQA4cX_a9kIWlxlCLw7xg6yjWyD4XrEcIDy4Qzo8pjmbjRODiPmqYxkAvozt0pKpYPrWidhVTPGrxTiIVoVA-Dv9ccXl6olzQppJhtBBWp9yuc1NpGeKW8%3Dw203-h360-k-no!7i576!8i1024!4m19!1m9!3m8!1s0x8c2a5ad52f3070bf:0xb8c731e7dabe3de1!2sBahia+Mar!8m2!3d10.618103!4d-66.8537201!9m1!1b1!16s%2Fg%2F11cnb7y3zg!3m8!1s0x8c2a5ad52f3070bf:0xb8c731e7dabe3de1!8m2!3d10.618103!4d-66.8537201!10e5!14m1!1BCgIgARICGAI!16s%2Fg%2F11cnb7y3zg?entry=ttu&g_ep=EgoyMDI2MDYyOS4wIKXMDSoASAFQAw%3D%3D", "field_19": null, "attachment_count": null, "Disaster Type": "Earthquake", "Disaster_Type": "Other / Unknown", "longitude": -66.853762875000001, "latitude": 10.618259327000001, "us_region": "<NA>", "coordinate_swap_applied": false }, "geometry": { "type": "Point", "coordinates": [ -66.853762875, 10.618259327 ] } },
{ "type": "Feature", "properties": { "URLName": null, "ParentObjectId": null, "AttachmentId": null, "GlobalId": null, "AttachmentName": null, "ContentType": null, "Size(bytes)": null, "Keywords": null, "ExifInfo": null, "DownloadURL": null, "SaveRelativePath": null, "Status": null, "ErrorMessage": null, "ParentGlobalId": null, "Y": 10.499499872, "X": -66.906583022999996, "CreationDate": "2026-07-03T20:32:13.109", "Creator": null, "EditDate": "2026-07-10T18:21:37.266", "Editor": null, "Name": null, "Description": "Appears to be a residential low rise (8-10 story) building with significant structural damage", "Location_Name": null, "Share_Hidden": null, "Share_Vetted": null, "Precise_Location": "Exact_Location", "Photo_Who": "Internet", "Photo_Source": "https://x.com/globovision/status/2069984746742911157", "photographer": null, "Title": "CVPM-085 - Edificio Don Luis", "Photo_When": null, "Date_Time": "2026-06-25T07:23:00", "Community_Impact": "Food_Water_Shelter", "Contact": null, "Email": null, "Community_Lifelines": null, "Vetted": 1.0, "Damage_Scale": null, "Incident": "CrowdsourcedPhoto_20260703_VEN_EQ_428", "Removal_Reason": null, "Removal_Feedback": null, "damage_score": 3.0, "Claimed": null, "does_this_photo_show_damage_of_": "Yes", "photo_categories": "Debris,Residential_Property", "how_did_you_geolocate_this_phot": "Clues_in_photo", "how_did_you_geolocate_this_phot_other": null, "explanation": null, "volunteer_note": "Google Maps address:\nF3XV+Q8X, Caracas 1011, Distrito Capital, Venezuela", "field_19": null, "attachment_count": null, "Disaster Type": "Earthquake", "Disaster_Type": "Other / Unknown", "longitude": -66.906583022999996, "latitude": 10.499499872, "us_region": "<NA>", "coordinate_swap_applied": false }, "geometry": { "type": "Point", "coordinates": [ -66.906583023, 10.499499872 ] } },
{ "type": "Feature", "properties": { "URLName": null, "ParentObjectId": null, "AttachmentId": null, "GlobalId": null, "AttachmentName": null, "ContentType": null, "Size(bytes)": null, "Keywords": null, "ExifInfo": null, "DownloadURL": null, "SaveRelativePath": null, "Status": null, "ErrorMessage": null, "ParentGlobalId": null, "Y": 10.611890121, "X": -66.864146868000006, "CreationDate": "2026-07-03T22:30:19.555", "Creator": null, "EditDate": "2026-07-05T20:42:18.089", "Editor": null, "Name": null, "Description": "Imágenes impactantes desde la avenida José María España muestran el colapso del edificio Rosandai y graves daños en comercios y residencias locales. Equipos de rescate ya se movilizan a la zona afectada.", "Location_Name": null, "Share_Hidden": null, "Share_Vetted": null, "Precise_Location": "Exact_Location", "Photo_Who": "Internet", "Photo_Source": "https://x.com/DODI_VZLA/status/2070544715066347838?s=20", "photographer": null, "Title": "CVPM-007 - Colapso del edificio Rosanday en Caraballeda", "Photo_When": null, "Date_Time": "2026-06-26T16:28:00", "Community_Impact": "Food_Water_Shelter", "Contact": null, "Email": null, "Community_Lifelines": null, "Vetted": 1.0, "Damage_Scale": null, "Incident": "CrowdsourcedPhoto_20260703_VEN_EQ_428", "Removal_Reason": null, "Removal_Feedback": null, "damage_score": 4.0, "Claimed": null, "does_this_photo_show_damage_of_": "Yes", "photo_categories": "Public_Safety_Risk_Hazard,Debris,Residential_Property", "how_did_you_geolocate_this_phot": "Clues_in_photo", "how_did_you_geolocate_this_phot_other": null, "explanation": null, "volunteer_note": "Twitter text was too long to include all. It also credited IG account 2001onlinecom and reportero Juan Ernesto Páez Pumar. I could not find the original post to get an accurate time.", "field_19": null, "attachment_count": null, "Disaster Type": "Earthquake", "Disaster_Type": "Other / Unknown", "longitude": -66.864146868000006, "latitude": 10.611890121, "us_region": "<NA>", "coordinate_swap_applied": false }, "geometry": { "type": "Point", "coordinates": [ -66.864146868, 10.611890121 ] } },
{ "type": "Feature", "properties": { "URLName": null, "ParentObjectId": null, "AttachmentId": null, "GlobalId": null, "AttachmentName": null, "ContentType": null, "Size(bytes)": null, "Keywords": null, "ExifInfo": null, "DownloadURL": null, "SaveRelativePath": null, "Status": null, "ErrorMessage": null, "ParentGlobalId": null, "Y": 10.606565486, "X": -66.872276538999998, "CreationDate": "2026-07-03T23:03:36.501", "Creator": null, "EditDate": "2026-07-05T23:10:52.477", "Editor": null, "Name": null, "Description": "Bajo los escombros del Hotel Santuario, ubicado en el sector montañoso La Llanada de La Guaira, permanecerían atrapados presuntamente, y de manera extraoficial, al menos 60 venezolanos que fueron repatriados desde EE. UU.", "Location_Name": null, "Share_Hidden": null, "Share_Vetted": null, "Precise_Location": "Exact_Location", "Photo_Who": "Internet", "Photo_Source": "https://www.instagram.com/p/DaKKA3VtY43/", "photographer": null, "Title": "Colapso del Hotel Santuario de La Llanada", "Photo_When": null, "Date_Time": "2026-06-28T19:00:00", "Community_Impact": "Safety_Security", "Contact": null, "Email": null, "Community_Lifelines": null, "Vetted": 1.0, "Damage_Scale": null, "Incident": "CrowdsourcedPhoto_20260703_VEN_EQ_428", "Removal_Reason": null, "Removal_Feedback": null, "damage_score": 4.0, "Claimed": null, "does_this_photo_show_damage_of_": "Yes", "photo_categories": "Debris,Commercial_Property,Other", "how_did_you_geolocate_this_phot": "Clues_in_text_or_comments", "how_did_you_geolocate_this_phot_other": null, "explanation": null, "volunteer_note": "This post was not in the queue, but it shows the hotel so I'm using it in place of the one that only showed a reporter's face. That post was at https://x.com/freddyzur/status/2072022663208264128?s=20", "field_19": null, "attachment_count": null, "Disaster Type": "Earthquake", "Disaster_Type": "Other / Unknown", "longitude": -66.872276538999998, "latitude": 10.606565486, "us_region": "<NA>", "coordinate_swap_applied": false }, "geometry": { "type": "Point", "coordinates": [ -66.872276539, 10.606565486 ] } },
{ "type": "Feature", "properties": { "URLName": null, "ParentObjectId": null, "AttachmentId": null, "GlobalId": null, "AttachmentName": null, "ContentType": null, "Size(bytes)": null, "Keywords": null, "ExifInfo": null, "DownloadURL": null, "SaveRelativePath": null, "Status": null, "ErrorMessage": null, "ParentGlobalId": null, "Y": 10.606674932000001, "X": -66.872268608, "CreationDate": "2026-07-03T23:21:55.395", "Creator": null, "EditDate": "2026-07-05T20:45:31.523", "Editor": null, "Name": null, "Description": "Hotel Santuario La Llanada Venezuela 🇻🇪 earthquake damage spotted in satellite image at  10.6067, -66.8723  146 Venezuelan migrants recently deported from the US 🇺🇸 undergoing a mandatory re-entry protocol were trapped there after collapse.", "Location_Name": null, "Share_Hidden": null, "Share_Vetted": null, "Precise_Location": "Exact_Location", "Photo_Who": "Internet", "Photo_Source": "https://x.com/tom_bike/status/2072309510413189214?s=20", "photographer": null, "Title": "CVPM-012 - Colapso del Hotel Santuario La Llanda", "Photo_When": null, "Date_Time": "2026-07-02T01:21:00", "Community_Impact": "Safety_Security", "Contact": null, "Email": null, "Community_Lifelines": null, "Vetted": 1.0, "Damage_Scale": null, "Incident": "CrowdsourcedPhoto_20260703_VEN_EQ_428", "Removal_Reason": null, "Removal_Feedback": null, "damage_score": 4.0, "Claimed": null, "does_this_photo_show_damage_of_": "Yes", "photo_categories": "Commercial_Property", "how_did_you_geolocate_this_phot": "Clues_in_text_or_comments", "how_did_you_geolocate_this_phot_other": null, "explanation": null, "volunteer_note": null, "field_19": null, "attachment_count": null, "Disaster Type": "Earthquake", "Disaster_Type": "Other / Unknown", "longitude": -66.872268608, "latitude": 10.606674932000001, "us_region": "<NA>", "coordinate_swap_applied": false }, "geometry": { "type": "Point", "coordinates": [ -66.872268608, 10.606674932 ] } },
{ "type": "Feature", "properties": { "URLName": null, "ParentObjectId": null, "AttachmentId": null, "GlobalId": null, "AttachmentName": null, "ContentType": null, "Size(bytes)": null, "Keywords": null, "ExifInfo": null, "DownloadURL": null, "SaveRelativePath": null, "Status": null, "ErrorMessage": null, "ParentGlobalId": null, "Y": 10.603416667, "X": -66.905861110999993, "CreationDate": "2026-07-03T23:49:02.870", "Creator": null, "EditDate": "2026-07-10T18:21:37.266", "Editor": null, "Name": null, "Description": "The Caracas Fire Department once again demonstrated its bravery and discipline by successfully rescuing a minor who was trapped under the rubble at La Guaira Stadium, following the structural collapse caused by the recent earthquake.", "Location_Name": null, "Share_Hidden": null, "Share_Vetted": null, "Precise_Location": "Street_Level", "Photo_Who": "Internet", "Photo_Source": "https://x.com/zuldayomar/status/2071336822467113466", "photographer": null, "Title": "CVPM-006 - Caracas Fire Dept Pulls Minor from Rubble at La Guaira Stadium, Venezuela [VIDEO]", "Photo_When": null, "Date_Time": "2026-06-28T20:55:00", "Community_Impact": "Safety_Security", "Contact": null, "Email": null, "Community_Lifelines": null, "Vetted": 1.0, "Damage_Scale": null, "Incident": "CrowdsourcedPhoto_20260703_VEN_EQ_428", "Removal_Reason": null, "Removal_Feedback": null, "damage_score": 4.0, "Claimed": null, "does_this_photo_show_damage_of_": "Yes", "photo_categories": "Public_Safety_Risk_Hazard,First_Responders_Rescue", "how_did_you_geolocate_this_phot": "Clues_in_text_or_comments", "how_did_you_geolocate_this_phot_other": null, "explanation": null, "volunteer_note": null, "field_19": null, "attachment_count": null, "Disaster Type": "Earthquake", "Disaster_Type": "Other / Unknown", "longitude": -66.905861110999993, "latitude": 10.603416667, "us_region": "<NA>", "coordinate_swap_applied": false }, "geometry": { "type": "Point", "coordinates": [ -66.905861111, 10.603416667 ] } },
{ "type": "Feature", "properties": { "URLName": null, "ParentObjectId": null, "AttachmentId": null, "GlobalId": null, "AttachmentName": null, "ContentType": null, "Size(bytes)": null, "Keywords": null, "ExifInfo": null, "DownloadURL": null, "SaveRelativePath": null, "Status": null, "ErrorMessage": null, "ParentGlobalId": null, "Y": 10.490888889000001, "X": -66.939333332999993, "CreationDate": "2026-07-04T00:21:57.317", "Creator": null, "EditDate": "2026-07-10T18:21:37.266", "Editor": null, "Name": null, "Description": "Collapsed concrete water tanks on the roof of the three buildings in the residential complex", "Location_Name": null, "Share_Hidden": null, "Share_Vetted": null, "Precise_Location": "Exact_Location", "Photo_Who": "Internet", "Photo_Source": "https://terremotovenezuela.com/edificio/cf1818d0-bf20-4a60-94ca-a6b9f1979f16", "photographer": null, "Title": "CVPM-009 - Concrete Water Tanks Collapsed at Three Buildings in Las Americas Residential Complex in Caracas, Venezuela", "Photo_When": null, "Date_Time": "2026-06-25T19:21:00", "Community_Impact": "Food_Water_Shelter", "Contact": null, "Email": null, "Community_Lifelines": null, "Vetted": 1.0, "Damage_Scale": null, "Incident": "CrowdsourcedPhoto_20260703_VEN_EQ_428", "Removal_Reason": null, "Removal_Feedback": null, "damage_score": 3.0, "Claimed": null, "does_this_photo_show_damage_of_": "Yes", "photo_categories": "Food_Water,Residential_Property", "how_did_you_geolocate_this_phot": "Clues_in_photo", "how_did_you_geolocate_this_phot_other": null, "explanation": null, "volunteer_note": "The image link in the queue did not match the post link so I took the most informative photo from those listed on the post.", "field_19": null, "attachment_count": null, "Disaster Type": "Earthquake", "Disaster_Type": "Other / Unknown", "longitude": -66.939333332999993, "latitude": 10.490888889000001, "us_region": "<NA>", "coordinate_swap_applied": false }, "geometry": { "type": "Point", "coordinates": [ -66.939333333, 10.490888889 ] } },
{ "type": "Feature", "properties": { "URLName": null, "ParentObjectId": null, "AttachmentId": null, "GlobalId": null, "AttachmentName": null, "ContentType": null, "Size(bytes)": null, "Keywords": null, "ExifInfo": null, "DownloadURL": null, "SaveRelativePath": null, "Status": null, "ErrorMessage": null, "ParentGlobalId": null, "Y": 10.602277778, "X": -67.023277777999994, "CreationDate": "2026-07-04T00:40:14.046", "Creator": null, "EditDate": "2026-07-10T18:21:37.266", "Editor": null, "Name": null, "Description": "The UN and partners are concentrating health, food, water, sanitation, protection and psychosocial services at three designated sites – the Polideportivo Vargas and the César Nieves and Playa Grande stadiums.", "Location_Name": null, "Share_Hidden": null, "Share_Vetted": null, "Precise_Location": "Exact_Location", "Photo_Who": "Internet", "Photo_Source": "https://news.un.org/en/story/2026/07/1167857", "photographer": null, "Title": "The Playa Grande baseball stadium now serves as a shelter and a temporary humanitarian aid center.", "Photo_When": null, "Date_Time": "2026-07-01T12:01:00", "Community_Impact": "Food_Water_Shelter", "Contact": null, "Email": null, "Community_Lifelines": null, "Vetted": 1.0, "Damage_Scale": null, "Incident": "CrowdsourcedPhoto_20260703_VEN_EQ_428", "Removal_Reason": null, "Removal_Feedback": null, "damage_score": 99.0, "Claimed": null, "does_this_photo_show_damage_of_": "No", "photo_categories": "Shelters,First_Responders_Rescue,Cultural_Recreational_Resource", "how_did_you_geolocate_this_phot": "Clues_in_text_or_comments", "how_did_you_geolocate_this_phot_other": null, "explanation": null, "volunteer_note": null, "field_19": null, "attachment_count": null, "Disaster Type": "Earthquake", "Disaster_Type": "Other / Unknown", "longitude": -67.023277777999994, "latitude": 10.602277778, "us_region": "<NA>", "coordinate_swap_applied": false }, "geometry": { "type": "Point", "coordinates": [ -67.023277778, 10.602277778 ] } },
{ "type": "Feature", "properties": { "URLName": null, "ParentObjectId": null, "AttachmentId": null, "GlobalId": null, "AttachmentName": null, "ContentType": null, "Size(bytes)": null, "Keywords": null, "ExifInfo": null, "DownloadURL": null, "SaveRelativePath": null, "Status": null, "ErrorMessage": null, "ParentGlobalId": null, "Y": 10.541611111, "X": -67.021916667, "CreationDate": "2026-07-04T00:57:44.569", "Creator": null, "EditDate": "2026-07-10T18:21:37.266", "Editor": null, "Name": null, "Description": "They withstood the earthquake so well that the active Ciudad Caribia hospital receives wounded from destroyed private buildings minutes away.", "Location_Name": null, "Share_Hidden": null, "Share_Vetted": null, "Precise_Location": "Exact_Location", "Photo_Who": "Internet", "Photo_Source": "https://x.com/ReJoe4F/status/2072130417675690236", "photographer": null, "Title": "CVPM-010 - Hospital Ciudad Caribia Receives Wounded from Nearby Destroyed Buildings [VIDEO] CVPM-010", "Photo_When": null, "Date_Time": "2026-07-01T01:29:00", "Community_Impact": "Other", "Contact": null, "Email": null, "Community_Lifelines": null, "Vetted": 1.0, "Damage_Scale": null, "Incident": "CrowdsourcedPhoto_20260703_VEN_EQ_428", "Removal_Reason": null, "Removal_Feedback": null, "damage_score": 0.0, "Claimed": null, "does_this_photo_show_damage_of_": "No", "photo_categories": "Hospital_Medical", "how_did_you_geolocate_this_phot": "Clues_in_text_or_comments", "how_did_you_geolocate_this_phot_other": null, "explanation": null, "volunteer_note": "Took the best photo of the hospital available in the video", "field_19": null, "attachment_count": null, "Disaster Type": "Earthquake", "Disaster_Type": "Other / Unknown", "longitude": -67.021916667, "latitude": 10.541611111, "us_region": "<NA>", "coordinate_swap_applied": false }, "geometry": { "type": "Point", "coordinates": [ -67.021916667, 10.541611111 ] } },
{ "type": "Feature", "properties": { "URLName": null, "ParentObjectId": null, "AttachmentId": null, "GlobalId": null, "AttachmentName": null, "ContentType": null, "Size(bytes)": null, "Keywords": null, "ExifInfo": null, "DownloadURL": null, "SaveRelativePath": null, "Status": null, "ErrorMessage": null, "ParentGlobalId": null, "Y": 10.491986108000001, "X": -66.848198664999998, "CreationDate": "2026-07-04T03:41:43.103", "Creator": null, "EditDate": "2026-07-05T20:49:02.525", "Editor": null, "Name": null, "Description": "Strong earthquake in Venezuela. Image of affected building in Altamira, Caracas.", "Location_Name": null, "Share_Hidden": null, "Share_Vetted": null, "Precise_Location": "Exact_Location", "Photo_Who": "Internet", "Photo_Source": "https://x.com/OrlvndoA/status/2069908553674993937?s=20", "photographer": null, "Title": "Damage to building in Avenida del Ávila, Caracas", "Photo_When": null, "Date_Time": "2026-06-24T22:20:00", "Community_Impact": "Food_Water_Shelter", "Contact": null, "Email": null, "Community_Lifelines": null, "Vetted": 1.0, "Damage_Scale": null, "Incident": "CrowdsourcedPhoto_20260703_VEN_EQ_428", "Removal_Reason": null, "Removal_Feedback": null, "damage_score": 3.0, "Claimed": null, "does_this_photo_show_damage_of_": "Yes", "photo_categories": "Debris,Residential_Property,Commercial_Property", "how_did_you_geolocate_this_phot": "Clues_in_photo", "how_did_you_geolocate_this_phot_other": null, "explanation": null, "volunteer_note": "X post was found in this article: https://www.lafm.com.co/internacional/temblor-venezuela-24-junio-2026-7-1-escala-richter-403202", "field_19": null, "attachment_count": null, "Disaster Type": "Earthquake", "Disaster_Type": "Other / Unknown", "longitude": -66.848198664999998, "latitude": 10.491986108000001, "us_region": "<NA>", "coordinate_swap_applied": false }, "geometry": { "type": "Point", "coordinates": [ -66.848198665, 10.491986108 ] } },
{ "type": "Feature", "properties": { "URLName": null, "ParentObjectId": null, "AttachmentId": null, "GlobalId": null, "AttachmentName": null, "ContentType": null, "Size(bytes)": null, "Keywords": null, "ExifInfo": null, "DownloadURL": null, "SaveRelativePath": null, "Status": null, "ErrorMessage": null, "ParentGlobalId": null, "Y": 10.61125367, "X": -66.884234493999998, "CreationDate": "2026-07-04T05:03:06.623", "Creator": null, "EditDate": "2026-07-10T18:21:37.266", "Editor": null, "Name": null, "Description": "Colapso de Residencias Puerto Coral", "Location_Name": null, "Share_Hidden": null, "Share_Vetted": null, "Precise_Location": "Exact_Location", "Photo_Who": "Internet", "Photo_Source": "https://terremotovenezuela.com/edificio/a2e49d2a-9aa9-4fbd-a866-79870afa8886", "photographer": null, "Title": "CVPM-015 - Colapso de Residencias Puerto Coral", "Photo_When": null, "Date_Time": "2026-06-26T19:00:00", "Community_Impact": "Food_Water_Shelter", "Contact": null, "Email": null, "Community_Lifelines": null, "Vetted": 1.0, "Damage_Scale": null, "Incident": "CrowdsourcedPhoto_20260703_VEN_EQ_428", "Removal_Reason": null, "Removal_Feedback": null, "damage_score": 4.0, "Claimed": null, "does_this_photo_show_damage_of_": "Yes", "photo_categories": "Residential_Property", "how_did_you_geolocate_this_phot": "Clues_in_text_or_comments", "how_did_you_geolocate_this_phot_other": null, "explanation": null, "volunteer_note": null, "field_19": null, "attachment_count": null, "Disaster Type": "Earthquake", "Disaster_Type": "Other / Unknown", "longitude": -66.884234493999998, "latitude": 10.61125367, "us_region": "<NA>", "coordinate_swap_applied": false }, "geometry": { "type": "Point", "coordinates": [ -66.884234494, 10.61125367 ] } },
{ "type": "Feature", "properties": { "URLName": null, "ParentObjectId": null, "AttachmentId": null, "GlobalId": null, "AttachmentName": null, "ContentType": null, "Size(bytes)": null, "Keywords": null, "ExifInfo": null, "DownloadURL": null, "SaveRelativePath": null, "Status": null, "ErrorMessage": null, "ParentGlobalId": null, "Y": 10.492876005, "X": -66.937123979000006, "CreationDate": "2026-07-04T18:31:57.110", "Creator": null, "EditDate": "2026-07-10T18:21:37.266", "Editor": null, "Name": null, "Description": "En la Av. San Martin de Caracas a la altura de Artigas la tienda Traki y la Misión Vivienda sufrieron daños severos en sus infraestructura.", "Location_Name": null, "Share_Hidden": null, "Share_Vetted": null, "Precise_Location": "Exact_Location", "Photo_Who": "Internet", "Photo_Source": "https://x.com/PqElParaisoCcs/status/2070230223153463666", "photographer": null, "Title": "CVPM-016 - Misión Vivienda on San Martin Avenue in Caracas damage [VIDEO]", "Photo_When": null, "Date_Time": "2026-07-25T19:38:00", "Community_Impact": "Food_Water_Shelter", "Contact": null, "Email": null, "Community_Lifelines": null, "Vetted": 1.0, "Damage_Scale": null, "Incident": "CrowdsourcedPhoto_20260703_VEN_EQ_428", "Removal_Reason": null, "Removal_Feedback": null, "damage_score": 2.0, "Claimed": null, "does_this_photo_show_damage_of_": "Yes", "photo_categories": "Residential_Property,Other", "how_did_you_geolocate_this_phot": "Clues_in_photo", "how_did_you_geolocate_this_phot_other": null, "explanation": null, "volunteer_note": null, "field_19": null, "attachment_count": null, "Disaster Type": "Earthquake", "Disaster_Type": "Other / Unknown", "longitude": -66.937123979000006, "latitude": 10.492876005, "us_region": "<NA>", "coordinate_swap_applied": false }, "geometry": { "type": "Point", "coordinates": [ -66.937123979, 10.492876005 ] } },
{ "type": "Feature", "properties": { "URLName": null, "ParentObjectId": null, "AttachmentId": null, "GlobalId": null, "AttachmentName": null, "ContentType": null, "Size(bytes)": null, "Keywords": null, "ExifInfo": null, "DownloadURL": null, "SaveRelativePath": null, "Status": null, "ErrorMessage": null, "ParentGlobalId": null, "Y": 10.615267407, "X": -66.84022721, "CreationDate": "2026-07-04T18:54:34.367", "Creator": null, "EditDate": "2026-07-10T18:21:37.266", "Editor": null, "Name": null, "Description": "Footage showed the devastation caused to homes and buildings in the Venezuelan coastal city of La Guaira after a rare double earthquake ravaged the country on Wednesday.", "Location_Name": null, "Share_Hidden": null, "Share_Vetted": null, "Precise_Location": "Exact_Location", "Photo_Who": "Internet", "Photo_Source": "https://apnews.com/video/drone-video-shows-search-through-rubble-of-collapsed-buildings-in-la-guaira-after-venezuela-quakes-aa65e61fb6aa4ff48fd0c263e02b333a", "photographer": null, "Title": "Misión vivienda los cocos buildings destroyed [DRONE VIDEO]", "Photo_When": null, "Date_Time": "2026-06-27T04:08:00", "Community_Impact": "Food_Water_Shelter", "Contact": null, "Email": null, "Community_Lifelines": null, "Vetted": 1.0, "Damage_Scale": null, "Incident": "CrowdsourcedPhoto_20260703_VEN_EQ_428", "Removal_Reason": null, "Removal_Feedback": null, "damage_score": 4.0, "Claimed": null, "does_this_photo_show_damage_of_": "Yes", "photo_categories": "Debris,First_Responders_Rescue,Residential_Property", "how_did_you_geolocate_this_phot": "Clues_in_photo", "how_did_you_geolocate_this_phot_other": null, "explanation": null, "volunteer_note": null, "field_19": null, "attachment_count": null, "Disaster Type": "Earthquake", "Disaster_Type": "Other / Unknown", "longitude": -66.84022721, "latitude": 10.615267407, "us_region": "<NA>", "coordinate_swap_applied": false }, "geometry": { "type": "Point", "coordinates": [ -66.84022721, 10.615267407 ] } },
{ "type": "Feature", "properties": { "URLName": null, "ParentObjectId": null, "AttachmentId": null, "GlobalId": null, "AttachmentName": null, "ContentType": null, "Size(bytes)": null, "Keywords": null, "ExifInfo": null, "DownloadURL": null, "SaveRelativePath": null, "Status": null, "ErrorMessage": null, "ParentGlobalId": null, "Y": 10.616377359, "X": -66.842317081999994, "CreationDate": "2026-07-04T18:59:07.631", "Creator": null, "EditDate": "2026-07-10T18:21:37.266", "Editor": null, "Name": null, "Description": "Footage showed the devastation caused to homes and buildings in the Venezuelan coastal city of La Guaira after a rare double earthquake ravaged the country on Wednesday.", "Location_Name": null, "Share_Hidden": null, "Share_Vetted": null, "Precise_Location": "Exact_Location", "Photo_Who": "Internet", "Photo_Source": "https://apnews.com/video/drone-video-shows-search-through-rubble-of-collapsed-buildings-in-la-guaira-after-venezuela-quakes-aa65e61fb6aa4ff48fd0c263e02b333a", "photographer": null, "Title": "Residencias La Jolla and other buildings destrored or damaged [DRONE VIDEO]", "Photo_When": null, "Date_Time": "2026-06-27T04:08:00", "Community_Impact": "Food_Water_Shelter", "Contact": null, "Email": null, "Community_Lifelines": null, "Vetted": 1.0, "Damage_Scale": null, "Incident": "CrowdsourcedPhoto_20260703_VEN_EQ_428", "Removal_Reason": null, "Removal_Feedback": null, "damage_score": 4.0, "Claimed": null, "does_this_photo_show_damage_of_": "Yes", "photo_categories": "Debris,Residential_Property,Other", "how_did_you_geolocate_this_phot": "Clues_in_photo", "how_did_you_geolocate_this_phot_other": null, "explanation": null, "volunteer_note": null, "field_19": null, "attachment_count": null, "Disaster Type": "Earthquake", "Disaster_Type": "Other / Unknown", "longitude": -66.842317081999994, "latitude": 10.616377359, "us_region": "<NA>", "coordinate_swap_applied": false }, "geometry": { "type": "Point", "coordinates": [ -66.842317082, 10.616377359 ] } },
{ "type": "Feature", "properties": { "URLName": null, "ParentObjectId": null, "AttachmentId": null, "GlobalId": null, "AttachmentName": null, "ContentType": null, "Size(bytes)": null, "Keywords": null, "ExifInfo": null, "DownloadURL": null, "SaveRelativePath": null, "Status": null, "ErrorMessage": null, "ParentGlobalId": null, "Y": 10.615803789, "X": -66.840889563999994, "CreationDate": "2026-07-04T19:04:09.928", "Creator": null, "EditDate": "2026-07-10T18:21:37.266", "Editor": null, "Name": null, "Description": "Footage showed the devastation caused to homes and buildings in the Venezuelan coastal city of La Guaira after a rare double earthquake ravaged the country on Wednesday.", "Location_Name": null, "Share_Hidden": null, "Share_Vetted": null, "Precise_Location": "Exact_Location", "Photo_Who": "Internet", "Photo_Source": "https://apnews.com/video/drone-video-shows-search-through-rubble-of-collapsed-buildings-in-la-guaira-after-venezuela-quakes-aa65e61fb6aa4ff48fd0c263e02b333a", "photographer": null, "Title": "Pancaked Apt Building across from Misión vivienda los cocos [DRONE VIDEO]", "Photo_When": null, "Date_Time": "2026-06-27T04:08:00", "Community_Impact": "Food_Water_Shelter", "Contact": null, "Email": null, "Community_Lifelines": null, "Vetted": 1.0, "Damage_Scale": null, "Incident": "CrowdsourcedPhoto_20260703_VEN_EQ_428", "Removal_Reason": null, "Removal_Feedback": null, "damage_score": 4.0, "Claimed": null, "does_this_photo_show_damage_of_": "Yes", "photo_categories": "Public_Safety_Risk_Hazard,Debris,Residential_Property", "how_did_you_geolocate_this_phot": "Clues_in_photo", "how_did_you_geolocate_this_phot_other": null, "explanation": null, "volunteer_note": null, "field_19": null, "attachment_count": null, "Disaster Type": "Earthquake", "Disaster_Type": "Other / Unknown", "longitude": -66.840889563999994, "latitude": 10.615803789, "us_region": "<NA>", "coordinate_swap_applied": false }, "geometry": { "type": "Point", "coordinates": [ -66.840889564, 10.615803789 ] } },
{ "type": "Feature", "properties": { "URLName": null, "ParentObjectId": null, "AttachmentId": null, "GlobalId": null, "AttachmentName": null, "ContentType": null, "Size(bytes)": null, "Keywords": null, "ExifInfo": null, "DownloadURL": null, "SaveRelativePath": null, "Status": null, "ErrorMessage": null, "ParentGlobalId": null, "Y": 10.614874125, "X": -66.838833019000006, "CreationDate": "2026-07-04T19:28:00.255", "Creator": null, "EditDate": "2026-07-10T18:21:37.266", "Editor": null, "Name": null, "Description": "Venezuela quake: Search goes on for survivors amid ‘impossible odds’", "Location_Name": null, "Share_Hidden": null, "Share_Vetted": null, "Precise_Location": "Exact_Location", "Photo_Who": "Internet", "Photo_Source": "https://news.un.org/en/story/2026/06/1167829", "photographer": null, "Title": "Conjunto residencial Caribe building and others destroyed or damaged in satellite imagery.", "Photo_When": null, "Date_Time": "2026-07-29T19:26:00", "Community_Impact": "Food_Water_Shelter", "Contact": null, "Email": null, "Community_Lifelines": null, "Vetted": 1.0, "Damage_Scale": null, "Incident": "CrowdsourcedPhoto_20260703_VEN_EQ_428", "Removal_Reason": null, "Removal_Feedback": null, "damage_score": 4.0, "Claimed": null, "does_this_photo_show_damage_of_": "Yes", "photo_categories": "Public_Safety_Risk_Hazard,Debris,Residential_Property", "how_did_you_geolocate_this_phot": "Clues_in_photo", "how_did_you_geolocate_this_phot_other": null, "explanation": null, "volunteer_note": null, "field_19": null, "attachment_count": null, "Disaster Type": "Earthquake", "Disaster_Type": "Other / Unknown", "longitude": -66.838833019000006, "latitude": 10.614874125, "us_region": "<NA>", "coordinate_swap_applied": false }, "geometry": { "type": "Point", "coordinates": [ -66.838833019, 10.614874125 ] } },
{ "type": "Feature", "properties": { "URLName": null, "ParentObjectId": null, "AttachmentId": null, "GlobalId": null, "AttachmentName": null, "ContentType": null, "Size(bytes)": null, "Keywords": null, "ExifInfo": null, "DownloadURL": null, "SaveRelativePath": null, "Status": null, "ErrorMessage": null, "ParentGlobalId": null, "Y": 10.609822230525401, "X": -67.023383236443806, "CreationDate": "2026-07-04T19:53:53.804", "Creator": null, "EditDate": "2026-07-10T18:21:37.266", "Editor": null, "Name": null, "Description": "Three low rise buildings (12-20 stories) devastated and on the verge of collapse.", "Location_Name": null, "Share_Hidden": null, "Share_Vetted": null, "Precise_Location": "Street_Level", "Photo_Who": "Internet", "Photo_Source": "https://x.com/BarbaraUSanz/status/2070026668450717785", "photographer": null, "Title": "CVPM-098 - Condominium complex & Los Delfines apartment buildings [VIDEO]", "Photo_When": null, "Date_Time": "2026-06-25T22:09:00", "Community_Impact": "Food_Water_Shelter", "Contact": null, "Email": null, "Community_Lifelines": null, "Vetted": 1.0, "Damage_Scale": null, "Incident": "CrowdsourcedPhoto_20260703_VEN_EQ_428", "Removal_Reason": null, "Removal_Feedback": null, "damage_score": 3.0, "Claimed": null, "does_this_photo_show_damage_of_": "Yes", "photo_categories": "Public_Safety_Risk_Hazard,Debris,Residential_Property", "how_did_you_geolocate_this_phot": "Clues_in_text_or_comments", "how_did_you_geolocate_this_phot_other": null, "explanation": null, "volunteer_note": "Social media post translated using ChatGPT:Images of the devastation in La Guaira continue to emerge. Here are the famous \"Los Delfines\" buildings. I used to play there as a child with my school friends. The building in the background can be searched on Google Maps using this: catia la mar av central de, 1162, La Guaira, Venezuela", "field_19": null, "attachment_count": null, "Disaster Type": "Earthquake", "Disaster_Type": "Other / Unknown", "longitude": -67.023383236443806, "latitude": 10.609822230525401, "us_region": "<NA>", "coordinate_swap_applied": false }, "geometry": { "type": "Point", "coordinates": [ -67.023383236443806, 10.609822230525401 ] } },
{ "type": "Feature", "properties": { "URLName": null, "ParentObjectId": null, "AttachmentId": null, "GlobalId": null, "AttachmentName": null, "ContentType": null, "Size(bytes)": null, "Keywords": null, "ExifInfo": null, "DownloadURL": null, "SaveRelativePath": null, "Status": null, "ErrorMessage": null, "ParentGlobalId": null, "Y": 10.607405084, "X": -66.867329166000005, "CreationDate": "2026-07-04T20:37:45.419", "Creator": null, "EditDate": "2026-07-10T18:21:37.266", "Editor": null, "Name": null, "Description": "Residential mid-rise (15-20 stories) complex with significant structural damage.", "Location_Name": null, "Share_Hidden": null, "Share_Vetted": null, "Precise_Location": "Street_Level", "Photo_Who": "Internet", "Photo_Source": "https://x.com/andresraulpaezp/status/2071680924828291132", "photographer": null, "Title": "Residencias Mirador Del Caribe V y VI", "Photo_When": null, "Date_Time": "2026-06-29T23:43:00", "Community_Impact": "Food_Water_Shelter", "Contact": null, "Email": null, "Community_Lifelines": null, "Vetted": 1.0, "Damage_Scale": null, "Incident": "CrowdsourcedPhoto_20260703_VEN_EQ_428", "Removal_Reason": null, "Removal_Feedback": null, "damage_score": 3.0, "Claimed": null, "does_this_photo_show_damage_of_": "Yes", "photo_categories": "Public_Safety_Risk_Hazard,Residential_Property", "how_did_you_geolocate_this_phot": "Clues_in_text_or_comments", "how_did_you_geolocate_this_phot_other": null, "explanation": null, "volunteer_note": "Translated social media post using ChatGPT:Take a look, @ReporteYa, at these images of buildings in the Caraballeda Parish, specifically in La Llanada and Camurí Alto, in La Guaira State, showing structural damage. Hundreds of families have been affected by the earthquake in Venezuela.", "field_19": null, "attachment_count": null, "Disaster Type": "Earthquake", "Disaster_Type": "Other / Unknown", "longitude": -66.867329166000005, "latitude": 10.607405084, "us_region": "<NA>", "coordinate_swap_applied": false }, "geometry": { "type": "Point", "coordinates": [ -66.867329166, 10.607405084 ] } },
{ "type": "Feature", "properties": { "URLName": null, "ParentObjectId": null, "AttachmentId": null, "GlobalId": null, "AttachmentName": null, "ContentType": null, "Size(bytes)": null, "Keywords": null, "ExifInfo": null, "DownloadURL": null, "SaveRelativePath": null, "Status": null, "ErrorMessage": null, "ParentGlobalId": null, "Y": 10.462444444000001, "X": -66.609611111000007, "CreationDate": "2026-07-04T20:59:41.256", "Creator": null, "EditDate": "2026-07-10T18:21:37.266", "Editor": null, "Name": null, "Description": "Fifteen buildings in the Oropeza Castillo sector of Guarenas suffered damage from the earthquakes on Wednesday, June 24, forcing families to evacuate their belongings due to the latent risk of the homes collapsing.", "Location_Name": null, "Share_Hidden": null, "Share_Vetted": null, "Precise_Location": "Neighborhood_Level", "Photo_Who": "Internet", "Photo_Source": "https://x.com/ReporteYa/status/2071605373237096472", "photographer": null, "Title": "CVPM-013 - Fifteen Buildings in Oropeza Castillo Sector of Gaurenas Suffered Damage from Earthquakes[VIDEO]", "Photo_When": null, "Date_Time": "2026-06-30T02:43:00", "Community_Impact": "Food_Water_Shelter", "Contact": null, "Email": null, "Community_Lifelines": null, "Vetted": 1.0, "Damage_Scale": null, "Incident": "CrowdsourcedPhoto_20260703_VEN_EQ_428", "Removal_Reason": null, "Removal_Feedback": null, "damage_score": 4.0, "Claimed": null, "does_this_photo_show_damage_of_": "Yes", "photo_categories": "Public_Safety_Risk_Hazard,Residential_Property", "how_did_you_geolocate_this_phot": "Clues_in_text_or_comments", "how_did_you_geolocate_this_phot_other": null, "explanation": null, "volunteer_note": "I captured an image that shows more of the damage rather than the reporter. I also centered the point to the street area where many of the damaged block apartments were listed in other news reports.", "field_19": null, "attachment_count": null, "Disaster Type": "Earthquake", "Disaster_Type": "Other / Unknown", "longitude": -66.609611111000007, "latitude": 10.462444444000001, "us_region": "<NA>", "coordinate_swap_applied": false }, "geometry": { "type": "Point", "coordinates": [ -66.609611111, 10.462444444 ] } },
{ "type": "Feature", "properties": { "URLName": null, "ParentObjectId": null, "AttachmentId": null, "GlobalId": null, "AttachmentName": null, "ContentType": null, "Size(bytes)": null, "Keywords": null, "ExifInfo": null, "DownloadURL": null, "SaveRelativePath": null, "Status": null, "ErrorMessage": null, "ParentGlobalId": null, "Y": 10.433416667, "X": -66.868527778000001, "CreationDate": "2026-07-04T22:41:26.398", "Creator": null, "EditDate": "2026-07-10T18:21:37.266", "Editor": null, "Name": null, "Description": "Trinity Blocks Rafael Vidal Sports Center, Av. Principal de La Trinidad, Caracas 1080, Miranda, Venezuela Caracas · The Trinity", "Location_Name": null, "Share_Hidden": null, "Share_Vetted": null, "Precise_Location": "Street_Level", "Photo_Who": "Internet", "Photo_Source": "https://terremotovenezuela.com/edificio/2100ab1e-e240-4e9a-8d97-f2ab162a25c0", "photographer": null, "Title": "CVPM-019 - Cracks in Wall of Trinity Blocks Apartments Near Rafael Vidal Sports Center", "Photo_When": null, "Date_Time": "2026-06-26T00:00:00", "Community_Impact": "Food_Water_Shelter", "Contact": null, "Email": null, "Community_Lifelines": null, "Vetted": 1.0, "Damage_Scale": null, "Incident": "CrowdsourcedPhoto_20260703_VEN_EQ_428", "Removal_Reason": null, "Removal_Feedback": null, "damage_score": 3.0, "Claimed": null, "does_this_photo_show_damage_of_": "Yes", "photo_categories": "Residential_Property", "how_did_you_geolocate_this_phot": "Clues_in_text_or_comments", "how_did_you_geolocate_this_phot_other": null, "explanation": null, "volunteer_note": "I moved the provided coords just a bit up the street because the photos on the link provided show more structures on that street.", "field_19": null, "attachment_count": null, "Disaster Type": "Earthquake", "Disaster_Type": "Other / Unknown", "longitude": -66.868527778000001, "latitude": 10.433416667, "us_region": "<NA>", "coordinate_swap_applied": false }, "geometry": { "type": "Point", "coordinates": [ -66.868527778, 10.433416667 ] } },
{ "type": "Feature", "properties": { "URLName": null, "ParentObjectId": null, "AttachmentId": null, "GlobalId": null, "AttachmentName": null, "ContentType": null, "Size(bytes)": null, "Keywords": null, "ExifInfo": null, "DownloadURL": null, "SaveRelativePath": null, "Status": null, "ErrorMessage": null, "ParentGlobalId": null, "Y": 10.501931567, "X": -68.187685609, "CreationDate": "2026-07-04T23:32:49.839", "Creator": null, "EditDate": "2026-07-10T18:21:37.266", "Editor": null, "Name": null, "Description": "Severe damage to the Palma Sola Distributor in Morón [VIDEO]", "Location_Name": null, "Share_Hidden": null, "Share_Vetted": null, "Precise_Location": "Street_Level", "Photo_Who": "Internet", "Photo_Source": "https://apnews.com/live/venezuela-terremoto-actualizaciones-06-25-2026#0000019f-0035-d3e8-adff-fefd15ee0000", "photographer": null, "Title": "Graves daños en el Distribuidor Palma Sola en Morón [VIDEO]", "Photo_When": null, "Date_Time": "2026-07-25T19:27:00", "Community_Impact": "Transportation", "Contact": null, "Email": null, "Community_Lifelines": null, "Vetted": 1.0, "Damage_Scale": null, "Incident": "CrowdsourcedPhoto_20260703_VEN_EQ_428", "Removal_Reason": null, "Removal_Feedback": null, "damage_score": 99.0, "Claimed": null, "does_this_photo_show_damage_of_": "Yes", "photo_categories": "Public_Safety_Risk_Hazard,Highway_Road,Other", "how_did_you_geolocate_this_phot": "Clues_in_text_or_comments", "how_did_you_geolocate_this_phot_other": null, "explanation": null, "volunteer_note": null, "field_19": null, "attachment_count": null, "Disaster Type": "Earthquake", "Disaster_Type": "Other / Unknown", "longitude": -68.187685609, "latitude": 10.501931567, "us_region": "<NA>", "coordinate_swap_applied": false }, "geometry": { "type": "Point", "coordinates": [ -68.187685609, 10.501931567 ] } },
{ "type": "Feature", "properties": { "URLName": null, "ParentObjectId": null, "AttachmentId": null, "GlobalId": null, "AttachmentName": null, "ContentType": null, "Size(bytes)": null, "Keywords": null, "ExifInfo": null, "DownloadURL": null, "SaveRelativePath": null, "Status": null, "ErrorMessage": null, "ParentGlobalId": null, "Y": 10.610409863, "X": -67.012092826, "CreationDate": "2026-07-04T23:53:18.468", "Creator": null, "EditDate": "2026-07-10T18:21:37.266", "Editor": null, "Name": null, "Description": "Vantor has activated its Open Data Program for Venezuela in response to yesterday's powerful earthquakes...", "Location_Name": null, "Share_Hidden": null, "Share_Vetted": null, "Precise_Location": "Exact_Location", "Photo_Who": "Internet", "Photo_Source": "https://x.com/vantortech/status/2070496092131569833/photo/2", "photographer": null, "Title": "Vantor satellite image of structures damaged and destroyed in Playa Grande, Venezuela.", "Photo_When": null, "Date_Time": "2026-06-26T13:15:00", "Community_Impact": "Food_Water_Shelter", "Contact": null, "Email": null, "Community_Lifelines": null, "Vetted": 1.0, "Damage_Scale": null, "Incident": "CrowdsourcedPhoto_20260703_VEN_EQ_428", "Removal_Reason": null, "Removal_Feedback": null, "damage_score": 4.0, "Claimed": null, "does_this_photo_show_damage_of_": "Yes", "photo_categories": "Public_Safety_Risk_Hazard,Debris,Residential_Property", "how_did_you_geolocate_this_phot": "Clues_in_photo", "how_did_you_geolocate_this_phot_other": null, "explanation": null, "volunteer_note": null, "field_19": null, "attachment_count": null, "Disaster Type": "Earthquake", "Disaster_Type": "Other / Unknown", "longitude": -67.012092826, "latitude": 10.610409863, "us_region": "<NA>", "coordinate_swap_applied": false }, "geometry": { "type": "Point", "coordinates": [ -67.012092826, 10.610409863 ] } },
{ "type": "Feature", "properties": { "URLName": null, "ParentObjectId": null, "AttachmentId": null, "GlobalId": null, "AttachmentName": null, "ContentType": null, "Size(bytes)": null, "Keywords": null, "ExifInfo": null, "DownloadURL": null, "SaveRelativePath": null, "Status": null, "ErrorMessage": null, "ParentGlobalId": null, "Y": 10.607083333, "X": -67.023222222000001, "CreationDate": "2026-07-05T00:17:19.241", "Creator": null, "EditDate": "2026-07-10T18:21:37.266", "Editor": null, "Name": null, "Description": "The Ciudad Hugo Chávez Frías housing developments were left uninhabitable.", "Location_Name": null, "Share_Hidden": null, "Share_Vetted": null, "Precise_Location": "Neighborhood_Level", "Photo_Who": "Internet", "Photo_Source": "https://elestimulo.com/terremoto-en-venezuela/2026-06-26/colapsaron-mision-vivienda-playa-grande-fotos/", "photographer": null, "Title": "Los urbanismos Ciudad Hugo Chávez Frías quedaron inhabitables", "Photo_When": null, "Date_Time": "2026-06-26T23:25:00", "Community_Impact": "Food_Water_Shelter", "Contact": null, "Email": null, "Community_Lifelines": null, "Vetted": 1.0, "Damage_Scale": null, "Incident": "CrowdsourcedPhoto_20260703_VEN_EQ_428", "Removal_Reason": null, "Removal_Feedback": null, "damage_score": 4.0, "Claimed": null, "does_this_photo_show_damage_of_": "Yes", "photo_categories": "Public_Safety_Risk_Hazard,Debris,Residential_Property", "how_did_you_geolocate_this_phot": "Clues_in_text_or_comments", "how_did_you_geolocate_this_phot_other": null, "explanation": null, "volunteer_note": null, "field_19": null, "attachment_count": null, "Disaster Type": "Earthquake", "Disaster_Type": "Other / Unknown", "longitude": -67.023222222000001, "latitude": 10.607083333, "us_region": "<NA>", "coordinate_swap_applied": false }, "geometry": { "type": "Point", "coordinates": [ -67.023222222, 10.607083333 ] } },
{ "type": "Feature", "properties": { "URLName": null, "ParentObjectId": null, "AttachmentId": null, "GlobalId": null, "AttachmentName": null, "ContentType": null, "Size(bytes)": null, "Keywords": null, "ExifInfo": null, "DownloadURL": null, "SaveRelativePath": null, "Status": null, "ErrorMessage": null, "ParentGlobalId": null, "Y": 10.467937992, "X": -66.946583993999994, "CreationDate": "2026-07-05T01:37:02.820", "Creator": null, "EditDate": "2026-07-10T18:21:37.266", "Editor": null, "Name": null, "Description": "The earthquake recorded on June 24 left a toll of approximately 350 homes affected in the La Silsa neighborhood, located in Catia, Sucre parish of the Libertador municipality.", "Location_Name": null, "Share_Hidden": null, "Share_Vetted": null, "Precise_Location": "Neighborhood_Level", "Photo_Who": "Internet", "Photo_Source": "https://x.com/UNoticias/status/2072400169572741141?s=20", "photographer": null, "Title": "CVPM-028 - Damage in La Silsa and surrounding streets", "Photo_When": null, "Date_Time": "2026-07-01T19:21:00", "Community_Impact": "Other", "Contact": null, "Email": null, "Community_Lifelines": null, "Vetted": 1.0, "Damage_Scale": null, "Incident": "CrowdsourcedPhoto_20260703_VEN_EQ_428", "Removal_Reason": null, "Removal_Feedback": null, "damage_score": 99.0, "Claimed": null, "does_this_photo_show_damage_of_": "No", "photo_categories": "Residential_Property,Cultural_Recreational_Resource", "how_did_you_geolocate_this_phot": "Clues_in_text_or_comments", "how_did_you_geolocate_this_phot_other": null, "explanation": null, "volunteer_note": null, "field_19": null, "attachment_count": null, "Disaster Type": "Earthquake", "Disaster_Type": "Other / Unknown", "longitude": -66.946583993999994, "latitude": 10.467937992, "us_region": "<NA>", "coordinate_swap_applied": false }, "geometry": { "type": "Point", "coordinates": [ -66.946583994, 10.467937992 ] } },
{ "type": "Feature", "properties": { "URLName": null, "ParentObjectId": null, "AttachmentId": null, "GlobalId": null, "AttachmentName": null, "ContentType": null, "Size(bytes)": null, "Keywords": null, "ExifInfo": null, "DownloadURL": null, "SaveRelativePath": null, "Status": null, "ErrorMessage": null, "ParentGlobalId": null, "Y": 10.59027281, "X": -67.050670247, "CreationDate": "2026-07-05T01:45:43.953", "Creator": null, "EditDate": "2026-07-05T22:43:20.970", "Editor": null, "Name": null, "Description": "#Earthquake #24jun #Venezuela  Naval School in La Guaira  #VenezuelaFree", "Location_Name": null, "Share_Hidden": null, "Share_Vetted": null, "Precise_Location": "Street_Level", "Photo_Who": "Internet", "Photo_Source": "https://x.com/Laperracari/status/2072460966827008297?s=20", "photographer": null, "Title": "CVPM-029 - [VIDEO] Damage at the Naval School in La Guaira", "Photo_When": null, "Date_Time": "2026-07-01T23:22:00", "Community_Impact": "Safety_Security", "Contact": null, "Email": null, "Community_Lifelines": null, "Vetted": 1.0, "Damage_Scale": null, "Incident": "CrowdsourcedPhoto_20260703_VEN_EQ_428", "Removal_Reason": null, "Removal_Feedback": null, "damage_score": 4.0, "Claimed": null, "does_this_photo_show_damage_of_": "Yes", "photo_categories": "Institutional_Property", "how_did_you_geolocate_this_phot": "Clues_in_text_or_comments", "how_did_you_geolocate_this_phot_other": null, "explanation": null, "volunteer_note": null, "field_19": null, "attachment_count": null, "Disaster Type": "Earthquake", "Disaster_Type": "Other / Unknown", "longitude": -67.050670247, "latitude": 10.59027281, "us_region": "<NA>", "coordinate_swap_applied": false }, "geometry": { "type": "Point", "coordinates": [ -67.050670247, 10.59027281 ] } },
{ "type": "Feature", "properties": { "URLName": null, "ParentObjectId": null, "AttachmentId": null, "GlobalId": null, "AttachmentName": null, "ContentType": null, "Size(bytes)": null, "Keywords": null, "ExifInfo": null, "DownloadURL": null, "SaveRelativePath": null, "Status": null, "ErrorMessage": null, "ParentGlobalId": null, "Y": 10.601163848026101, "X": -67.025866699003601, "CreationDate": "2026-07-05T02:11:12.793", "Creator": null, "EditDate": "2026-07-10T18:21:37.266", "Editor": null, "Name": null, "Description": "Salvadoran search and rescue teams, with the support of heavy machinery, continue the debris removal efforts in the José Antonio Páez sector, in La Guaira.", "Location_Name": null, "Share_Hidden": null, "Share_Vetted": null, "Precise_Location": "Neighborhood_Level", "Photo_Who": "Internet", "Photo_Source": "https://x.com/LaCapitalNews/status/2071352116665369064", "photographer": null, "Title": "CVPM-024 - El Salvador Teams Continue Debris Removal in Jose Antonio Paez, La Guaira, Venezuela [VIDEO]", "Photo_When": null, "Date_Time": "2026-06-28T21:56:00", "Community_Impact": "Food_Water_Shelter", "Contact": null, "Email": null, "Community_Lifelines": null, "Vetted": 1.0, "Damage_Scale": null, "Incident": "CrowdsourcedPhoto_20260703_VEN_EQ_428", "Removal_Reason": null, "Removal_Feedback": null, "damage_score": 4.0, "Claimed": null, "does_this_photo_show_damage_of_": "Yes", "photo_categories": "Debris,Residential_Property", "how_did_you_geolocate_this_phot": "Clues_in_photo", "how_did_you_geolocate_this_phot_other": null, "explanation": null, "volunteer_note": "The columns with diamond shapes on them match a google maps photo of Bloque 1 Urb José Antonio Páez.", "field_19": null, "attachment_count": null, "Disaster Type": "Earthquake", "Disaster_Type": "Other / Unknown", "longitude": -67.025866699003601, "latitude": 10.601163848026101, "us_region": "<NA>", "coordinate_swap_applied": false }, "geometry": { "type": "Point", "coordinates": [ -67.025866699003601, 10.601163848026101 ] } },
{ "type": "Feature", "properties": { "URLName": null, "ParentObjectId": null, "AttachmentId": null, "GlobalId": null, "AttachmentName": null, "ContentType": null, "Size(bytes)": null, "Keywords": null, "ExifInfo": null, "DownloadURL": null, "SaveRelativePath": null, "Status": null, "ErrorMessage": null, "ParentGlobalId": null, "Y": 10.61325, "X": -66.824277777999995, "CreationDate": "2026-07-05T02:59:15.506", "Creator": null, "EditDate": "2026-07-10T18:21:37.266", "Editor": null, "Name": null, "Description": "Families missing after the earthquake and we believe they are under the rubble. They respond to the names of Glevelyn Ríos, Saúl Martín, Miguel Paredes and Audys Ríos. We URGENTLY need rescue teams, firefighters, civil protection", "Location_Name": null, "Share_Hidden": null, "Share_Vetted": null, "Precise_Location": "Exact_Location", "Photo_Who": "Internet", "Photo_Source": "https://www.instagram.com/p/DaLql_UxWom/", "photographer": null, "Title": "CVPM-025 - Families Missing Believed to be in Residencias Riomar, Av. La Playa, Tanaguarenas, Caraballeda, La Guaira, Venezuela [VIDEO]", "Photo_When": null, "Date_Time": "2026-06-29T19:55:00", "Community_Impact": "Food_Water_Shelter", "Contact": null, "Email": null, "Community_Lifelines": null, "Vetted": 1.0, "Damage_Scale": null, "Incident": "CrowdsourcedPhoto_20260703_VEN_EQ_428", "Removal_Reason": null, "Removal_Feedback": null, "damage_score": 4.0, "Claimed": null, "does_this_photo_show_damage_of_": "Yes", "photo_categories": "Public_Safety_Risk_Hazard,Residential_Property", "how_did_you_geolocate_this_phot": "Clues_in_text_or_comments", "how_did_you_geolocate_this_phot_other": null, "explanation": null, "volunteer_note": null, "field_19": null, "attachment_count": null, "Disaster Type": "Earthquake", "Disaster_Type": "Other / Unknown", "longitude": -66.824277777999995, "latitude": 10.61325, "us_region": "<NA>", "coordinate_swap_applied": false }, "geometry": { "type": "Point", "coordinates": [ -66.824277778, 10.61325 ] } },
{ "type": "Feature", "properties": { "URLName": null, "ParentObjectId": null, "AttachmentId": null, "GlobalId": null, "AttachmentName": null, "ContentType": null, "Size(bytes)": null, "Keywords": null, "ExifInfo": null, "DownloadURL": null, "SaveRelativePath": null, "Status": null, "ErrorMessage": null, "ParentGlobalId": null, "Y": 10.255680419000001, "X": -67.590576131000006, "CreationDate": "2026-07-05T20:50:32.966", "Creator": null, "EditDate": "2026-07-10T18:21:37.266", "Editor": null, "Name": null, "Description": "High rise residential structure with significant damage and debris.", "Location_Name": null, "Share_Hidden": null, "Share_Vetted": null, "Precise_Location": "Exact_Location", "Photo_Who": "Internet", "Photo_Source": "https://x.com/Aperezrodriguez/status/2072163536302662102?s=20", "photographer": null, "Title": "CVPM-104 - Edificio Luis XV Maracay", "Photo_When": null, "Date_Time": "2026-06-21T03:41:00", "Community_Impact": "Food_Water_Shelter", "Contact": null, "Email": null, "Community_Lifelines": null, "Vetted": 1.0, "Damage_Scale": null, "Incident": "CrowdsourcedPhoto_20260703_VEN_EQ_428", "Removal_Reason": null, "Removal_Feedback": null, "damage_score": 3.0, "Claimed": null, "does_this_photo_show_damage_of_": "Yes", "photo_categories": "Debris,Residential_Property", "how_did_you_geolocate_this_phot": "other", "how_did_you_geolocate_this_phot_other": "Clues in photo, text, and video", "explanation": null, "volunteer_note": "Link to the Google Maps site showing the same building: https://maps.app.goo.gl/j7KtFsysSY58C5yM9", "field_19": null, "attachment_count": null, "Disaster Type": "Earthquake", "Disaster_Type": "Other / Unknown", "longitude": -67.590576131000006, "latitude": 10.255680419000001, "us_region": "<NA>", "coordinate_swap_applied": false }, "geometry": { "type": "Point", "coordinates": [ -67.590576131, 10.255680419 ] } },
{ "type": "Feature", "properties": { "URLName": null, "ParentObjectId": null, "AttachmentId": null, "GlobalId": null, "AttachmentName": null, "ContentType": null, "Size(bytes)": null, "Keywords": null, "ExifInfo": null, "DownloadURL": null, "SaveRelativePath": null, "Status": null, "ErrorMessage": null, "ParentGlobalId": null, "Y": 10.269466792470601, "X": -67.586784381498802, "CreationDate": "2026-07-05T21:17:43.198", "Creator": null, "EditDate": "2026-07-10T18:21:37.266", "Editor": null, "Name": null, "Description": "High rise residential structure shown with damage.", "Location_Name": null, "Share_Hidden": null, "Share_Vetted": null, "Precise_Location": "Exact_Location", "Photo_Who": "Internet", "Photo_Source": "https://x.com/MexicoPost/status/2071359574070657219", "photographer": null, "Title": "CVPM-103 - Earthquake footage of highrise opposite Buffalos restaurant in Las Delicias", "Photo_When": null, "Date_Time": "2026-06-28T22:26:00", "Community_Impact": "Food_Water_Shelter", "Contact": null, "Email": null, "Community_Lifelines": null, "Vetted": 1.0, "Damage_Scale": null, "Incident": "CrowdsourcedPhoto_20260703_VEN_EQ_428", "Removal_Reason": null, "Removal_Feedback": null, "damage_score": 2.0, "Claimed": null, "does_this_photo_show_damage_of_": "Yes", "photo_categories": "Public_Safety_Risk_Hazard,Debris,Residential_Property", "how_did_you_geolocate_this_phot": "Clues_in_photo", "how_did_you_geolocate_this_phot_other": null, "explanation": null, "volunteer_note": "Here is the link to the Google Maps of the Buffalo Wings restaurant shown in the video, just to the right of the high-rise structure. https://maps.app.goo.gl/p6UYjVsqo5JGu2Q29", "field_19": null, "attachment_count": null, "Disaster Type": "Earthquake", "Disaster_Type": "Other / Unknown", "longitude": -67.586784381498802, "latitude": 10.269466792470601, "us_region": "<NA>", "coordinate_swap_applied": false }, "geometry": { "type": "Point", "coordinates": [ -67.586784381498802, 10.269466792470601 ] } },
{ "type": "Feature", "properties": { "URLName": null, "ParentObjectId": null, "AttachmentId": null, "GlobalId": null, "AttachmentName": null, "ContentType": null, "Size(bytes)": null, "Keywords": null, "ExifInfo": null, "DownloadURL": null, "SaveRelativePath": null, "Status": null, "ErrorMessage": null, "ParentGlobalId": null, "Y": 10.608722222000001, "X": -67.016111111000001, "CreationDate": "2026-07-05T23:53:56.297", "Creator": null, "EditDate": "2026-07-10T18:21:37.266", "Editor": null, "Name": null, "Description": "La familia nos manda este vídeo implorando compartir para que lleguen más rescatistas y medios.", "Location_Name": null, "Share_Hidden": null, "Share_Vetted": null, "Precise_Location": "Exact_Location", "Photo_Who": "Internet", "Photo_Source": "https://www.facebook.com/reel/27736261549395314", "photographer": null, "Title": "El edificio El Pelícano [VIDEO]", "Photo_When": null, "Date_Time": "2026-06-27T14:43:00", "Community_Impact": "Food_Water_Shelter", "Contact": null, "Email": null, "Community_Lifelines": null, "Vetted": 1.0, "Damage_Scale": null, "Incident": "CrowdsourcedPhoto_20260703_VEN_EQ_428", "Removal_Reason": null, "Removal_Feedback": null, "damage_score": 4.0, "Claimed": null, "does_this_photo_show_damage_of_": "Yes", "photo_categories": "Debris,First_Responders_Rescue,Residential_Property", "how_did_you_geolocate_this_phot": "Clues_in_text_or_comments", "how_did_you_geolocate_this_phot_other": null, "explanation": null, "volunteer_note": null, "field_19": null, "attachment_count": null, "Disaster Type": "Earthquake", "Disaster_Type": "Other / Unknown", "longitude": -67.016111111000001, "latitude": 10.608722222000001, "us_region": "<NA>", "coordinate_swap_applied": false }, "geometry": { "type": "Point", "coordinates": [ -67.016111111, 10.608722222 ] } },
{ "type": "Feature", "properties": { "URLName": null, "ParentObjectId": null, "AttachmentId": null, "GlobalId": null, "AttachmentName": null, "ContentType": null, "Size(bytes)": null, "Keywords": null, "ExifInfo": null, "DownloadURL": null, "SaveRelativePath": null, "Status": null, "ErrorMessage": null, "ParentGlobalId": null, "Y": 25.77083, "X": -171.7375, "CreationDate": "2026-08-23T17:07:03.078", "Creator": null, "EditDate": "2026-08-23T21:10:23.316", "Editor": null, "Name": null, "Description": "The landscape is changed — stripped heliotrope trees, buried nesting wedge-tailed shearwater burrows, and seabird chicks who didn’t make it. It’s a hard thing to witness.", "Location_Name": null, "Share_Hidden": null, "Share_Vetted": null, "Precise_Location": "Neighborhood_Level", "Photo_Who": "Internet", "Photo_Source": "https://www.facebook.com/pmdphawaii/posts/pfbid0UNs8oGkB1kAPYeYP2SQpPoFePncQWYoWgaAbgg9hkYW3YtDswDRHJD7zdvaEXu4ml?rdid=ZYRSAJV188Z4TUHj#", "photographer": null, "Title": "Natural Scene on Laysan Island", "Photo_When": null, "Date_Time": "2026-08-23T14:29:00", "Community_Impact": "Other", "Contact": null, "Email": null, "Community_Lifelines": null, "Vetted": 1.0, "Damage_Scale": null, "Incident": "CrowdsourcedPhoto_20260821_HurricaneLala_416", "Removal_Reason": null, "Removal_Feedback": null, "damage_score": 99.0, "Claimed": null, "does_this_photo_show_damage_of_": "No", "photo_categories": "Natural_Resource,Other", "how_did_you_geolocate_this_phot": "Clues_in_text_or_comments", "how_did_you_geolocate_this_phot_other": null, "explanation": null, "volunteer_note": "\"Yesterday our team went ashore at Kamole to assess the damage from Hurricane Lala. None of us were there to experience it, but the low-lying island potentially saw wind gusts of 120-130mph and wind-driven waves of 31ft from the category 1-2 Hurricane.\"", "field_19": null, "attachment_count": null, "Disaster Type": "Tropical Cyclone", "Disaster_Type": "Tropical Cyclone", "longitude": -171.7375, "latitude": 25.77083, "us_region": "<NA>", "coordinate_swap_applied": false }, "geometry": { "type": "Point", "coordinates": [ -171.7375, 25.77083 ] } }
]
}
